features_id,features,propertyType,zoning
0,"{'cooling': True, 'coolingType': 'Commercial', 'exteriorType': 'Baked Enamel', 'floorCount': 1, 'foundationType': 'Slab / Mat / Raft', 'garage': True, 'garageType': 'Attached', 'heating': True, 'heatingType': 'Forced Air', 'roofType': 'Composition Shingle', 'unitCount': 1}",Single Family,
1,,Single Family,
2,,Townhouse,
3,"{'architectureType': 'Condo / Apartment', 'unitCount': 1}",Condo,R
4,"{'architectureType': 'Traditional', 'cooling': True, 'coolingType': 'Central', 'exteriorType': 'Brick Veneer', 'fireplace': True, 'floorCount': 1, 'foundationType': 'Slab / Mat / Raft', 'garage': True, 'garageSpaces': 1, 'garageType': 'Attached', 'heating': True, 'heatingType': 'Central', 'roomCount': 7, 'unitCount': 1, 'pool': True}",Single Family,
5,"{'architectureType': 'Duplex', 'floorCount': 2, 'unitCount': 2}",Duplex-Triplex,R3-1
6,"{'architectureType': 'Townhouse', 'cooling': True, 'coolingType': 'Central', 'exteriorType': 'Brick / Stone', 'fireplace': True, 'floorCount': 4, 'foundationType': 'Slab / Mat / Raft', 'garage': True, 'garageSpaces': 2, 'garageType': 'Attached Garage', 'heating': True, 'heatingType': 'Central', 'pool': True, 'roofType': 'Asphalt'}",Single Family,PDTRC
7,"{'architectureType': 'Colonial', 'cooling': True, 'coolingType': 'Commercial', 'exteriorType': 'Aluminum / Vinyl Siding', 'floorCount': 2, 'garage': True, 'garageSpaces': 2, 'garageType': 'Attached', 'heating': True, 'heatingType': 'Gas', 'roomCount': 8, 'unitCount': 1}",Single Family,
8,{},Single Family,
9,"{'architectureType': 'Colonial', 'cooling': True, 'coolingType': 'Central', 'exteriorType': 'Aluminum / Vinyl Siding', 'fireplace': True, 'fireplaceType': 'Single', 'floorCount': 2, 'heating': True, 'heatingType': 'Central', 'roomCount': 8, 'unitCount': 1}",Single Family,
10,"{'cooling': True, 'coolingType': 'Commercial', 'floorCount': 1, 'foundationType': 'OTHER', 'garage': True, 'garageType': 'Attached', 'heating': True, 'heatingType': 'Gas', 'roomCount': 7}",Single Family,
11,"{'architectureType': 'Raised Ranch', 'cooling': True, 'coolingType': 'Central', 'exteriorType': 'Brick / Stone', 'fireplace': True, 'floorCount': 1, 'foundationType': 'Block', 'heating': True, 'heatingType': 'Forced Air', 'roofType': 'Composition Shingle', 'unitCount': 1}",Single Family,R-1
12,"{'exteriorType': 'Brick / Stone', 'floorCount': 1, 'foundationType': 'Wood', 'garage': True, 'garageSpaces': 3, 'garageType': 'Mixed', 'heating': True, 'heatingType': 'Floor / Wall', 'roofType': 'Composition Shingle'}",Single Family,
13,"{'architectureType': 'Colonial', 'cooling': True, 'coolingType': 'Central', 'fireplace': True, 'floorCount': 2, 'garage': True, 'garageSpaces': 2, 'garageType': 'Basement', 'heating': True, 'heatingType': 'Central', 'roomCount': 10}",Single Family,R-1
14,"{'architectureType': 'Condo / Apartment', 'exteriorType': 'Concrete Block', 'floorCount': 1, 'garage': True, 'garageType': 'Garage', 'pool': True, 'unitCount': 1, 'viewType': 'Average'}",Condo,
15,"{'architectureType': 'Colonial', 'exteriorType': 'Brick', 'fireplace': True, 'fireplaceType': '2 Story', 'floorCount': 2, 'foundationType': 'Raised', 'garage': True, 'garageType': 'Mixed', 'heating': True, 'heatingType': 'Oil', 'roofType': 'Composition Shingle', 'roomCount': 8}",Single Family,RURAL RESIDENTIAL
16,{},,
17,"{'architectureType': 'Conventional', 'exteriorType': 'Aluminum / Vinyl Siding', 'fireplace': True, 'floorCount': 1, 'foundationType': 'Masonry', 'garage': True, 'garageSpaces': 2, 'garageType': 'Carport', 'heating': True, 'heatingType': 'Baseboard', 'roofType': 'Asphalt', 'roomCount': 5, 'unitCount': 1}",Single Family,RS9
18,"{'architectureType': 'Condo / Apartment', 'exteriorType': 'Brick', 'floorCount': 2, 'heating': True, 'heatingType': 'Hot Water', 'roomCount': 6, 'unitCount': 1, 'viewType': 'Average'}",Single Family,RSA5
19,"{'architectureType': 'Conventional', 'cooling': True, 'coolingType': 'Commercial', 'exteriorType': 'OTHER', 'fireplace': True, 'floorCount': 2, 'garage': True, 'garageSpaces': 2, 'garageType': 'Attached', 'heating': True, 'heatingType': 'Forced Air', 'roofType': 'Composition Shingle', 'roomCount': 6, 'unitCount': 1}",Single Family,R100-SINGLE FAM RES
20,"{'architectureType': 'Cape Cod', 'exteriorType': 'Aluminum / Vinyl Siding', 'fireplace': True, 'floorCount': 2, 'garage': True, 'garageType': 'Detached', 'heating': True, 'heatingType': 'Steam', 'roofType': 'Asphalt', 'roomCount': 5, 'unitCount': 1}",Single Family,A7
21,"{'architectureType': 'Ranch', 'fireplace': True, 'floorCount': 1, 'garage': True, 'garageType': 'Detached', 'heating': True, 'heatingType': 'Forced Air', 'unitCount': 1}",Single Family,
22,"{'cooling': True, 'coolingType': 'Central', 'fireplace': True, 'floorCount': 1, 'garage': True, 'garageType': 'Attached', 'heating': True, 'heatingType': 'Central', 'roofType': 'Tile', 'unitCount': 1}",Single Family,R1
23,"{'cooling': True, 'coolingType': 'Central', 'fireplace': True, 'fireplaceType': 'Masonry', 'floorCount': 1, 'garage': True, 'garageType': 'Detached', 'heating': True, 'heatingType': 'Central', 'pool': True, 'poolType': 'Above-Ground Pool', 'roofType': 'Asphalt', 'roomCount': 5, 'unitCount': 1}",Single Family,
24,"{'cooling': True, 'coolingType': 'Central', 'floorCount': 2, 'heating': True, 'heatingType': 'Central', 'unitCount': 1}",Single Family,
25,"{'fireplace': True, 'floorCount': 1, 'garage': True, 'garageSpaces': 1, 'garageType': 'Attached Garage', 'heating': True, 'roofType': 'Wood Shake / Shingle', 'unitCount': 1}",Single Family,R1065
26,,Manufactured,
27,"{'garage': True, 'garageType': 'Garage'}",Single Family,
28,"{'exteriorType': 'Asbestos Shingle', 'fireplace': True, 'floorCount': 1, 'foundationType': 'Block with Runner', 'garage': True, 'garageType': 'Garage', 'heating': True, 'heatingType': 'Baseboard', 'roofType': 'Asphalt', 'unitCount': 1}",Single Family,RA1
29,"{'cooling': True, 'coolingType': 'Central', 'exteriorType': 'Stone', 'floorCount': 1, 'foundationType': 'Slab / Mat / Raft', 'garage': True, 'garageType': 'Attached', 'heating': True, 'heatingType': 'Central', 'roofType': 'Composition Shingle', 'unitCount': 1}",Single Family,
30,"{'cooling': True, 'coolingType': 'Commercial', 'exteriorType': 'Wood', 'fireplace': True, 'fireplaceType': '2 Story', 'floorCount': 2, 'garage': True, 'garageSpaces': 2, 'garageType': 'Attached', 'heating': True, 'heatingType': 'Forced Air', 'roofType': 'Composition Shingle', 'unitCount': 1, 'architectureType': 'Split Level'}",Single Family,R200
31,"{'cooling': True, 'coolingType': 'Commercial', 'exteriorType': 'Metal', 'floorCount': 1, 'garage': True, 'garageType': 'Mixed', 'heating': True, 'heatingType': 'Forced Air', 'roofType': 'Asphalt', 'roomCount': 5, 'foundationType': 'OTHER'}",Single Family,
32,"{'cooling': True, 'coolingType': 'Central', 'exteriorType': 'Brick', 'floorCount': 2, 'heating': True, 'heatingType': 'Central', 'unitCount': 1}",Single Family,RD
33,"{'heating': True, 'heatingType': 'Central', 'unitCount': 1}",Single Family,LCR171/2
34,"{'cooling': True, 'coolingType': 'Central', 'heating': True, 'heatingType': 'Forced Air', 'unitCount': 2}",Duplex-Triplex,
35,,Duplex-Triplex,
36,"{'architectureType': 'Raised Ranch', 'cooling': True, 'coolingType': 'Central', 'exteriorType': 'Brick', 'fireplace': True, 'floorCount': 1, 'foundationType': 'Brick', 'garage': True, 'garageType': 'Attached', 'heating': True, 'heatingType': 'Central', 'roofType': 'Composition Shingle', 'unitCount': 1}",Single Family,
37,"{'garage': True, 'garageSpaces': 3, 'garageType': 'Garage', 'unitCount': 1}",Single Family,R-1:SINGLE FAM-RES
38,"{'architectureType': 'Split Foyer', 'cooling': True, 'coolingType': 'Commercial', 'exteriorType': 'Aluminum / Vinyl Siding', 'floorCount': 1, 'foundationType': 'Masonry', 'heating': True, 'heatingType': 'Heat Pump', 'roofType': 'Asphalt', 'roomCount': 5, 'unitCount': 1}",Single Family,RS20
39,"{'exteriorType': 'Brick', 'fireplace': True, 'floorCount': 2, 'garage': True, 'garageType': 'Detached', 'heating': True, 'heatingType': 'Central', 'roomCount': 6, 'unitCount': 1}",Single Family,U-SU-B
40,"{'exteriorType': 'Brick', 'floorCount': 2, 'garage': True, 'garageSpaces': 1, 'garageType': 'Basement', 'heating': True, 'roomCount': 6, 'unitCount': 1, 'viewType': 'Average'}",Single Family,RSA4
41,,Condo,
42,"{'cooling': True, 'coolingType': 'Evaporative', 'floorCount': 1, 'garage': True, 'garageType': 'Attached', 'heating': True, 'heatingType': 'Central', 'unitCount': 1}",Single Family,
43,"{'architectureType': 'Contemporary', 'cooling': True, 'coolingType': 'Central', 'exteriorType': 'Wood', 'floorCount': 2, 'foundationType': 'Slab / Mat / Raft', 'garage': True, 'garageSpaces': 1, 'garageType': 'Attached', 'heating': True, 'heatingType': 'Forced Air', 'roofType': 'Asphalt', 'roomCount': 7, 'unitCount': 1}",Single Family,
44,"{'architectureType': 'Condo / Apartment', 'cooling': True, 'coolingType': 'Central', 'fireplace': True, 'floorCount': 1, 'garage': True, 'garageSpaces': 1, 'garageType': 'Detached', 'heating': True, 'heatingType': 'Central', 'roofType': 'Tile', 'unitCount': 1}",Condo,RR
45,"{'architectureType': 'Condo / Apartment', 'unitCount': 1}",Condo,
46,"{'architectureType': 'Condo / Apartment', 'cooling': True, 'coolingType': 'Commercial', 'exteriorType': 'Wood', 'floorCount': 1, 'foundationType': 'Slab / Mat / Raft', 'heating': True, 'heatingType': 'Forced Air', 'roofType': 'Composition Shingle', 'unitCount': 1}",Single Family,
47,"{'architectureType': 'Townhouse', 'cooling': True, 'coolingType': 'Commercial', 'exteriorType': 'Siding', 'floorCount': 3, 'garage': True, 'garageSpaces': 1, 'garageType': 'Built-in', 'heating': True, 'heatingType': 'Heat Pump', 'roofType': 'Composition Shingle', 'unitCount': 1}",Single Family,DD
48,"{'cooling': True, 'coolingType': 'Commercial', 'exteriorType': 'Stucco', 'fireplace': True, 'floorCount': 1, 'foundationType': 'Concrete Block', 'garage': True, 'garageSpaces': 2, 'garageType': 'Garage', 'heating': True, 'heatingType': 'Heat Pump', 'roofType': 'Metal', 'unitCount': 1}",Single Family,A1
49,"{'architectureType': 'Condo / Apartment', 'cooling': True, 'coolingType': 'Refrigeration', 'exteriorType': 'Stucco', 'floorCount': 1, 'garage': True, 'garageType': 'Garage', 'heating': True, 'heatingType': 'Forced Air', 'roofType': 'Built-up (Layered Asphalt)', 'roomCount': 4, 'unitCount': 1, 'pool': True, 'poolType': 'Community Pool'}",Condo,M-M
50,"{'architectureType': 'Ranch', 'exteriorType': 'Vinyl', 'fireplace': True, 'fireplaceType': 'Single', 'floorCount': 1, 'garage': True, 'garageType': 'Attached', 'roomCount': 5, 'unitCount': 1}",Single Family,AE6
51,"{'cooling': True, 'coolingType': 'Central', 'exteriorType': 'Wood', 'fireplace': True, 'floorCount': 1, 'foundationType': 'Masonry', 'heating': True, 'heatingType': 'Central', 'roofType': 'Asphalt'}",Single Family,RESIDENTIAL
52,,Apartment,
53,"{'cooling': True, 'coolingType': 'Central', 'exteriorType': 'Wood', 'floorCount': 1, 'heating': True, 'heatingType': 'Forced Air', 'roofType': 'Composition Shingle', 'unitCount': 1}",Single Family,NC
54,"{'cooling': True, 'coolingType': 'Central', 'exteriorType': 'OTHER', 'floorCount': 1, 'foundationType': 'Block', 'garage': True, 'garageSpaces': 1, 'garageType': 'Basement', 'heating': True, 'heatingType': 'Central', 'roofType': 'Composition Shingle', 'roomCount': 6, 'unitCount': 1}",Single Family,
55,"{'architectureType': 'Traditional', 'cooling': True, 'coolingType': 'Central', 'exteriorType': 'Asbestos Shingle', 'floorCount': 1, 'foundationType': 'Slab / Mat / Raft', 'garage': True, 'garageType': 'Mixed', 'heating': True, 'heatingType': 'Central', 'roomCount': 5, 'unitCount': 1}",Single Family,
56,"{'architectureType': 'Duplex', 'cooling': True, 'coolingType': 'Commercial', 'exteriorType': 'Concrete Block', 'floorCount': 1, 'heating': True, 'heatingType': 'Forced Air', 'roofType': 'Composition Shingle', 'unitCount': 2}",Duplex-Triplex,ASC-1
57,"{'architectureType': 'Bungalow', 'cooling': True, 'coolingType': 'Central', 'exteriorType': 'Brick / Stone', 'floorCount': 1, 'garage': True, 'garageSpaces': 2, 'garageType': 'Detached', 'roofType': 'Shingle', 'unitCount': 1}",Single Family,
58,"{'cooling': True, 'coolingType': 'Central', 'exteriorType': 'Brick', 'floorCount': 1, 'foundationType': 'Slab / Mat / Raft', 'garage': True, 'garageType': 'Carport', 'heating': True, 'heatingType': 'Central', 'roofType': 'Composition Shingle', 'unitCount': 1}",Single Family,
59,"{'floorCount': 1, 'garage': True, 'garageType': 'Garage', 'roomCount': 6, 'unitCount': 1}",Single Family,
60,{'unitCount': 1},Single Family,
61,"{'foundationType': 'Slab / Mat / Raft', 'garage': True, 'garageType': 'Garage', 'roofType': 'Composition Shingle'}",Single Family,
62,"{'cooling': True, 'coolingType': 'Commercial', 'exteriorType': 'Vinyl', 'fireplace': True, 'floorCount': 2, 'garage': True, 'garageSpaces': 3, 'garageType': 'Attached', 'heating': True, 'heatingType': 'Forced Air', 'roofType': 'Composition Shingle', 'unitCount': 1}",Single Family,
63,"{'architectureType': 'Conventional', 'cooling': True, 'coolingType': 'Central', 'exteriorType': 'Aluminum / Vinyl Siding', 'fireplace': True, 'floorCount': 2, 'foundationType': 'Slab', 'heating': True, 'heatingType': 'Central', 'roofType': 'Composition Shingle', 'roomCount': 8, 'unitCount': 1}",Single Family,RSF-7
64,"{'cooling': True, 'coolingType': 'Central', 'exteriorType': 'Other', 'floorCount': 1, 'foundationType': 'Slab / Mat / Raft', 'garage': True, 'garageType': 'Attached', 'heating': True, 'heatingType': 'Central', 'roofType': 'Shingle'}",Single Family,
65,"{'architectureType': 'Condo / Apartment', 'exteriorType': 'Wood', 'floorCount': 2, 'garage': True, 'garageType': 'Mixed', 'heating': True, 'heatingType': 'Forced Air'}",Condo,TN
66,"{'architectureType': 'Ranch', 'cooling': True, 'coolingType': 'Central', 'exteriorType': 'Aluminum / Vinyl Siding', 'fireplace': True, 'floorCount': 1, 'heating': True, 'heatingType': 'Gas', 'roomCount': 5, 'unitCount': 1}",Single Family,
67,"{'cooling': True, 'coolingType': 'Central', 'exteriorType': 'Brick Veneer', 'floorCount': 1, 'foundationType': 'Pier / Post & Beam', 'garage': True, 'garageSpaces': 1, 'garageType': 'Mixed', 'heating': True, 'heatingType': 'Central', 'roofType': 'Composition Shingle', 'unitCount': 1}",Single Family,SF1018
68,"{'architectureType': 'Cape Cod', 'exteriorType': 'Aluminum / Vinyl Siding', 'floorCount': 2, 'heating': True, 'heatingType': 'Steam', 'roofType': 'Asphalt', 'roomCount': 8, 'unitCount': 1}",Single Family,SFR-12
69,"{'architectureType': 'Condo / Apartment', 'cooling': True, 'coolingType': 'Central', 'exteriorType': 'Board & Batten', 'heating': True, 'heatingType': 'Forced Air', 'roofType': 'Roll Composition', 'unitCount': 48}",Single Family,PD/AN
70,"{'cooling': True, 'coolingType': 'Central', 'exteriorType': 'Aluminum / Vinyl Siding', 'floorCount': 2, 'foundationType': 'Raised', 'garage': True, 'garageType': 'Garage', 'heating': True, 'heatingType': 'Forced Air'}",Townhouse,R-17MF
71,"{'architectureType': 'Townhouse', 'cooling': True, 'coolingType': 'Commercial', 'exteriorType': 'Brick Veneer', 'fireplace': True, 'fireplaceType': 'Masonry', 'floorCount': 2, 'foundationType': 'Slab / Mat / Raft', 'heating': True, 'heatingType': 'Heat Pump', 'roofType': 'Asphalt', 'unitCount': 1}",Condo,
72,"{'cooling': True, 'coolingType': 'Central', 'exteriorType': 'Stucco', 'floorCount': 1, 'garage': True, 'garageSpaces': 2, 'garageType': 'Garage', 'heating': True, 'heatingType': 'Forced Air', 'roofType': 'Composition Shingle', 'unitCount': 1}",Single Family,PUD
73,"{'cooling': True, 'coolingType': 'Refrigeration', 'exteriorType': 'Wood', 'floorCount': 1, 'garage': True, 'garageSpaces': 2, 'garageType': 'Garage', 'heating': True, 'heatingType': 'Forced Air', 'roofType': 'Tile', 'roomCount': 6, 'unitCount': 1}",Single Family,
74,"{'architectureType': 'Traditional', 'exteriorType': 'Brick', 'floorCount': 2, 'heating': True, 'heatingType': 'Central', 'roofType': 'Shingle', 'roomCount': 7, 'unitCount': 1}",Single Family,
75,"{'cooling': True, 'coolingType': 'Central', 'exteriorType': 'Brick Veneer', 'fireplace': True, 'floorCount': 1, 'foundationType': 'Slab / Mat / Raft', 'garage': True, 'garageType': 'Attached', 'heating': True, 'heatingType': 'Central', 'roofType': 'Composition Shingle', 'unitCount': 1}",Single Family,Z390
76,"{'cooling': True, 'coolingType': 'Central', 'exteriorType': 'Stucco', 'floorCount': 2, 'foundationType': 'Slab / Mat / Raft', 'heating': True, 'heatingType': 'Heat Pump', 'roomCount': 11, 'unitCount': 1, 'fireplace': True}",Single Family,6115
77,"{'cooling': True, 'coolingType': 'Central', 'exteriorType': 'Aluminum / Vinyl Siding', 'fireplace': True, 'floorCount': 2, 'garage': True, 'garageType': 'Attached', 'heating': True, 'heatingType': 'Forced Air', 'roomCount': 6, 'unitCount': 1}",Single Family,
78,"{'architectureType': 'Condo / Apartment', 'cooling': True, 'coolingType': 'Commercial', 'exteriorType': 'Aluminum / Vinyl Siding', 'floorCount': 1, 'heating': True, 'heatingType': 'Forced Air', 'roofType': 'Asphalt', 'roomCount': 4, 'unitCount': 1}",Condo,RESIDE
79,"{'architectureType': 'Split Level', 'exteriorType': 'Stucco', 'fireplace': True, 'floorCount': 2, 'foundationType': 'OTHER', 'garage': True, 'garageSpaces': 2, 'garageType': 'Built-in', 'heating': True, 'heatingType': 'Forced Air', 'roofType': 'Composition Shingle', 'roomCount': 6, 'unitCount': 1}",Single Family,R1-6 DF AO
80,"{'floorCount': 1, 'garage': True, 'garageType': 'Garage', 'unitCount': 1}",Single Family,MOL
81,{},Manufactured,
82,"{'cooling': True, 'coolingType': 'Central', 'exteriorType': 'Wood', 'floorCount': 1, 'foundationType': 'Slab / Mat / Raft', 'garage': True, 'garageType': 'Garage', 'heating': True, 'heatingType': 'Central', 'unitCount': 1}",Single Family,
83,"{'cooling': True, 'coolingType': 'Central', 'exteriorType': 'Brick Veneer', 'floorCount': 1, 'foundationType': 'Slab / Mat / Raft', 'garage': True, 'garageType': 'Garage', 'heating': True, 'heatingType': 'Electric', 'roofType': 'Composition Shingle', 'unitCount': 1}",Single Family,
84,"{'architectureType': 'Conventional', 'cooling': True, 'coolingType': 'Central', 'exteriorType': 'Brick / Stone', 'floorCount': 2, 'garage': True, 'garageType': 'Attached', 'heating': True, 'roomCount': 6, 'unitCount': 1}",Single Family,
85,"{'architectureType': 'Condo / Apartment', 'exteriorType': 'Wood Shingle', 'floorCount': 2, 'heating': True, 'heatingType': 'Central', 'roofType': 'Asphalt'}",Single Family,
86,"{'architectureType': 'Split Foyer', 'cooling': True, 'coolingType': 'Commercial', 'exteriorType': 'Siding', 'fireplace': True, 'floorCount': 1, 'garage': True, 'garageType': 'Garage', 'heating': True, 'heatingType': 'Heat Pump', 'roofType': 'Composition Shingle', 'unitCount': 1}",Single Family,R2
87,"{'cooling': True, 'coolingType': 'Central', 'exteriorType': 'Brick Veneer', 'floorCount': 1, 'foundationType': 'Slab / Mat / Raft', 'garage': True, 'garageType': 'Garage', 'heating': True, 'heatingType': 'Central'}",Single Family,
88,"{'architectureType': 'Contemporary', 'cooling': True, 'coolingType': 'Central', 'exteriorType': 'Other', 'floorCount': 2, 'foundationType': 'Slab / Mat / Raft', 'garage': True, 'garageSpaces': 1, 'garageType': 'Attached', 'heating': True, 'heatingType': 'Forced Air', 'roofType': 'Asphalt', 'roomCount': 6, 'unitCount': 1}",Single Family,
89,,Land,
90,"{'cooling': True, 'coolingType': 'Refrigeration', 'exteriorType': 'Wood', 'floorCount': 1, 'garage': True, 'garageSpaces': 2, 'garageType': 'Garage', 'heating': True, 'heatingType': 'Forced Air', 'roofType': 'Tile', 'roomCount': 7}",Single Family,
91,"{'architectureType': 'Split Level', 'cooling': True, 'coolingType': 'Central', 'fireplace': True, 'garage': True, 'garageType': 'Garage', 'unitCount': 1}",Single Family,
92,"{'exteriorType': 'Vinyl', 'floorCount': 2, 'heating': True, 'heatingType': 'Central', 'roofType': 'Asphalt'}",Single Family,R1
93,"{'architectureType': 'Condo / Apartment', 'fireplace': True, 'floorCount': 1, 'unitCount': 1}",Condo,PD-222
94,"{'floorCount': 2, 'unitCount': 1, 'cooling': True, 'coolingType': 'Central', 'exteriorType': 'Vinyl', 'garage': True, 'garageType': 'Garage', 'heating': True, 'heatingType': 'Gas', 'roofType': 'Asphalt', 'roomCount': 8}",Single Family,
95,"{'architectureType': 'Condo / Apartment', 'cooling': True, 'coolingType': 'Central', 'exteriorType': 'OTHER', 'fireplace': True, 'floorCount': 2, 'foundationType': 'OTHER', 'heating': True, 'heatingType': 'Forced Air', 'roofType': 'Composition Shingle', 'unitCount': 1, 'viewType': 'Water'}",Condo,
96,"{'cooling': True, 'coolingType': 'Central', 'floorCount': 1, 'garage': True, 'garageSpaces': 1, 'garageType': 'Detached', 'heating': True, 'heatingType': 'Central', 'roofType': 'Asphalt', 'roomCount': 8, 'unitCount': 1}",Single Family,ZO01
97,"{'architectureType': 'Mobile Home', 'unitCount': 1}",Manufactured,
98,"{'architectureType': 'Condo / Apartment', 'exteriorType': 'Brick', 'unitCount': 1}",Condo,VR-2
99,{},Land,
100,"{'cooling': True, 'coolingType': 'Central', 'fireplace': True, 'fireplaceType': 'Masonry', 'floorCount': 1, 'garage': True, 'garageSpaces': 2, 'garageType': 'Attached', 'heating': True, 'heatingType': 'Central', 'roofType': 'Asphalt', 'unitCount': 1}",Single Family,
101,"{'architectureType': 'Duplex', 'cooling': True, 'coolingType': 'Central', 'exteriorType': 'Brick Veneer', 'floorCount': 1, 'foundationType': 'Slab / Mat / Raft', 'garage': True, 'garageSpaces': 2, 'garageType': 'Attached', 'heating': True, 'heatingType': 'Central', 'roofType': 'Composition Shingle', 'unitCount': 1}",Duplex-Triplex,Z372
102,"{'architectureType': 'Custom', 'garage': True, 'garageType': 'Garage'}",Single Family,
103,"{'architectureType': 'Bungalow', 'exteriorType': 'Aluminum / Vinyl Siding', 'fireplace': True, 'fireplaceType': 'Single', 'floorCount': 1, 'foundationType': 'Stone', 'heating': True, 'heatingType': 'Floor / Wall', 'roofType': 'Composition Shingle', 'roomCount': 5, 'unitCount': 1}",Single Family,
104,"{'cooling': True, 'coolingType': 'Central', 'exteriorType': 'Brick Veneer', 'floorCount': 1, 'foundationType': 'Slab / Mat / Raft', 'garage': True, 'garageSpaces': 1, 'garageType': 'Garage', 'heating': True, 'heatingType': 'Central', 'roofType': 'Composition Shingle', 'unitCount': 1}",Single Family,Z298
105,"{'architectureType': 'Cape Cod', 'exteriorType': 'Brick', 'fireplace': True, 'floorCount': 2, 'foundationType': 'Raised', 'heating': True, 'heatingType': 'Baseboard', 'roofType': 'Composition Shingle', 'roomCount': 6, 'unitCount': 1}",Single Family,R-4
106,"{'cooling': True, 'coolingType': 'Commercial', 'exteriorType': 'Siding', 'fireplace': True, 'floorCount': 2, 'garage': True, 'garageType': 'Attached', 'roofType': 'Roll Composition', 'unitCount': 1}",Single Family,RS
107,"{'architectureType': 'Colonial', 'cooling': True, 'coolingType': 'Central', 'exteriorType': 'Aluminum / Vinyl Siding', 'fireplace': True, 'floorCount': 2, 'garage': True, 'garageType': 'Attached', 'heating': True, 'heatingType': 'Forced Air', 'roomCount': 8, 'unitCount': 1}",Single Family,R2
108,"{'architectureType': 'Conventional', 'floorCount': 1, 'garage': True, 'garageSpaces': 1, 'garageType': 'Garage', 'heating': True, 'heatingType': 'Floor / Wall', 'roomCount': 8, 'unitCount': 1}",Single Family,LAR1
109,"{'cooling': True, 'coolingType': 'Central', 'exteriorType': 'Stucco', 'floorCount': 2, 'garage': True, 'garageType': 'Built-in', 'heating': True, 'heatingType': 'Forced Air', 'roofType': 'Tile', 'roomCount': 6}",Single Family,
110,"{'architectureType': 'Ranch', 'cooling': True, 'coolingType': 'Central', 'exteriorType': 'Brick', 'fireplace': True, 'floorCount': 1, 'garage': True, 'garageSpaces': 2, 'garageType': 'Garage', 'heating': True, 'heatingType': 'Central', 'roofType': 'Shingle', 'roomCount': 6, 'unitCount': 1}",Single Family,
111,"{'cooling': True, 'coolingType': 'Central', 'exteriorType': 'OTHER', 'foundationType': 'OTHER', 'garage': True, 'garageType': 'Garage', 'heating': True, 'heatingType': 'Central', 'roofType': 'Composition Shingle', 'roomCount': 6}",Single Family,
112,"{'architectureType': 'Traditional', 'cooling': True, 'coolingType': 'Central', 'exteriorType': 'Brick Veneer', 'fireplace': True, 'floorCount': 1, 'foundationType': 'Slab / Mat / Raft', 'garage': True, 'garageSpaces': 2, 'garageType': 'Attached', 'heating': True, 'heatingType': 'Central', 'roomCount': 6, 'unitCount': 1}",Single Family,
113,"{'cooling': True, 'coolingType': 'Central', 'exteriorType': 'Vinyl', 'floorCount': 2, 'foundationType': 'Raised', 'heating': True, 'heatingType': 'Central', 'roomCount': 8, 'unitCount': 1}",Single Family,R-11
114,"{'architectureType': 'Colonial', 'cooling': True, 'coolingType': 'Commercial', 'exteriorType': 'Aluminum / Vinyl Siding', 'fireplace': True, 'floorCount': 2, 'garage': True, 'garageSpaces': 2, 'garageType': 'Attached Garage', 'heating': True, 'heatingType': 'Gas', 'roomCount': 8, 'unitCount': 1}",Single Family,
115,"{'architectureType': 'Ranch', 'cooling': True, 'coolingType': 'Commercial', 'fireplace': True, 'floorCount': 1, 'foundationType': 'Slab / Mat / Raft', 'heating': True, 'roomCount': 5, 'unitCount': 1}",Single Family,RS110
116,"{'cooling': True, 'coolingType': 'Central', 'exteriorType': 'Stone', 'fireplace': True, 'floorCount': 2, 'heating': True, 'heatingType': 'Forced Air', 'roomCount': 10, 'unitCount': 1, 'architectureType': 'Split Level'}",Single Family,R1
117,"{'garage': True, 'garageSpaces': 1, 'garageType': 'Garage', 'unitCount': 1}",Single Family,R-1:SINGLE FAM-RES
118,"{'architectureType': 'Ranch', 'fireplace': True, 'fireplaceType': 'Single', 'floorCount': 1, 'garage': True, 'garageSpaces': 2, 'garageType': 'Garage', 'heating': True, 'heatingType': 'Forced Air', 'unitCount': 1}",Single Family,R-1
119,"{'architectureType': 'Ranch', 'cooling': True, 'coolingType': 'Central', 'exteriorType': 'OTHER', 'fireplace': True, 'fireplaceType': 'Single', 'floorCount': 1, 'foundationType': 'Footing', 'garage': True, 'garageType': 'Detached', 'heating': True, 'heatingType': 'Forced Air', 'roofType': 'Composition Shingle', 'unitCount': 1}",Single Family,R-40
120,"{'cooling': True, 'coolingType': 'Commercial', 'exteriorType': 'Other', 'floorCount': 1, 'garage': True, 'garageType': 'Detached', 'heating': True, 'heatingType': 'Forced Air', 'roomCount': 4, 'unitCount': 1}",Single Family,R1A
121,"{'cooling': True, 'coolingType': 'Central', 'exteriorType': 'Other', 'floorCount': 1, 'foundationType': 'Slab / Mat / Raft', 'garage': True, 'garageType': 'Attached', 'heating': True, 'heatingType': 'Central', 'roofType': 'Asphalt', 'roomCount': 5, 'unitCount': 1}",Single Family,R1B
122,"{'architectureType': 'Townhouse', 'cooling': True, 'coolingType': 'Central', 'floorCount': 2, 'garage': True, 'garageType': 'Garage', 'heating': True, 'heatingType': 'Forced Air', 'roomCount': 5, 'unitCount': 1}",Condo,20-RA
123,"{'cooling': True, 'coolingType': 'Central', 'exteriorType': 'Concrete Block', 'floorCount': 2, 'garage': True, 'garageType': 'Attached', 'heating': True, 'heatingType': 'Central', 'roomCount': 5, 'unitCount': 1}",Single Family,
124,"{'cooling': True, 'coolingType': 'Central', 'exteriorType': 'Aluminum / Vinyl Siding', 'fireplace': True, 'floorCount': 1, 'garage': True, 'garageSpaces': 2, 'garageType': 'Detached', 'heating': True, 'heatingType': 'Forced Air', 'roofType': 'Composition Shingle', 'unitCount': 1}",Single Family,R-2A/T/HP/AN
125,"{'cooling': True, 'coolingType': 'Window', 'exteriorType': 'Other', 'floorCount': 1, 'foundationType': 'Pier / Post & Beam', 'garage': True, 'garageSpaces': 1, 'garageType': 'Garage', 'heating': True, 'heatingType': 'Gas', 'roofType': 'Composition Shingle', 'unitCount': 1}",Single Family,Z298
126,"{'architectureType': 'Condo / Apartment', 'cooling': True, 'coolingType': 'Central', 'floorCount': 1, 'garage': True, 'garageSpaces': 1, 'garageType': 'Carport', 'heating': True, 'heatingType': 'Central', 'roomCount': 7, 'unitCount': 1}",Condo,P1
127,"{'cooling': True, 'coolingType': 'Central', 'exteriorType': 'Wood Shingle', 'fireplace': True, 'fireplaceType': 'Single', 'floorCount': 1, 'foundationType': 'OTHER', 'garage': True, 'garageType': 'Carport', 'heating': True, 'heatingType': 'Heat Pump', 'roofType': 'Shingle', 'unitCount': 1}",Single Family,R-5
128,"{'garage': True, 'garageType': 'Garage', 'unitCount': 1}",Single Family,
129,"{'architectureType': 'Conventional', 'exteriorType': 'Brick', 'foundationType': 'Stone', 'heating': True, 'heatingType': 'Hot Water', 'roofType': 'Shingle', 'roomCount': 7}",Single Family,
130,"{'exteriorType': 'OTHER', 'floorCount': 1, 'foundationType': 'Slab / Mat / Raft', 'garage': True, 'garageSpaces': 2, 'garageType': 'Detached', 'heating': True, 'heatingType': 'Forced Air', 'roofType': 'Asphalt', 'roomCount': 5, 'unitCount': 1}",Single Family,R-1-C
131,"{'architectureType': 'Split Level', 'cooling': True, 'coolingType': 'Commercial', 'exteriorType': 'Brick', 'floorCount': 2, 'heating': True, 'heatingType': 'Forced Air', 'roofType': 'Composition Shingle', 'roomCount': 5, 'unitCount': 1}",Single Family,R-8C(R-8 W/CLUSTER DEV)
132,"{'garage': True, 'garageSpaces': 2, 'garageType': 'Garage', 'unitCount': 1}",Single Family,R-1:SINGLE FAM-RES
133,"{'architectureType': 'Condo / Apartment', 'cooling': True, 'coolingType': 'Central', 'exteriorType': 'Brick Veneer', 'fireplace': True, 'floorCount': 2, 'foundationType': 'Slab', 'garage': True, 'garageSpaces': 1, 'garageType': 'Attached Garage', 'heating': True, 'heatingType': 'Central', 'roofType': 'Composition Shingle', 'unitCount': 1, 'pool': True, 'poolType': 'Community Pool'}",Condo,Z163
134,"{'architectureType': 'Split Level', 'cooling': True, 'coolingType': 'Commercial', 'exteriorType': 'Wood', 'fireplace': True, 'floorCount': 2, 'garage': True, 'garageType': 'Garage', 'heating': True, 'heatingType': 'Forced Air', 'roofType': 'Composition Shingle', 'unitCount': 1}",Single Family,
135,"{'architectureType': 'Ranch', 'exteriorType': 'Stucco', 'fireplace': True, 'floorCount': 1, 'garage': True, 'garageType': 'Detached', 'heating': True, 'roofType': 'Wood Shingle', 'roomCount': 5, 'unitCount': 1, 'cooling': True, 'coolingType': 'Central', 'heatingType': 'Central'}",Single Family,C1CP
136,"{'cooling': True, 'coolingType': 'Central', 'exteriorType': 'Stucco', 'fireplace': True, 'floorCount': 2, 'garage': True, 'garageType': 'Garage', 'heating': True, 'heatingType': 'Forced Air', 'roofType': 'Composition Shingle', 'unitCount': 1}",Single Family,R-1A
137,{'floorCount': 1},Single Family,
138,"{'cooling': True, 'coolingType': 'Central', 'floorCount': 1, 'heating': True, 'heatingType': 'Central', 'roofType': 'Composition Shingle', 'unitCount': 1}",Land,1
139,"{'architectureType': 'Conventional', 'floorCount': 1, 'garage': True, 'garageSpaces': 1, 'garageType': 'Garage', 'heating': True, 'heatingType': 'Central', 'roomCount': 8, 'unitCount': 1}",Single Family,POR17200*
140,"{'architectureType': 'Condo / Apartment', 'exteriorType': 'Brick', 'floorCount': 2, 'roomCount': 6, 'unitCount': 1, 'viewType': 'Average'}",Single Family,RSA5
141,"{'cooling': True, 'coolingType': 'Central', 'exteriorType': 'Masonry', 'floorCount': 1, 'foundationType': 'Pier', 'garage': True, 'garageSpaces': 3, 'garageType': 'Attached Garage', 'heating': True, 'heatingType': 'Central', 'roofType': 'Shingle (Not Wood)', 'unitCount': 1}",Single Family,
142,"{'cooling': True, 'coolingType': 'Commercial', 'exteriorType': 'Brick', 'fireplace': True, 'floorCount': 3, 'heating': True, 'heatingType': 'Forced Air', 'roofType': 'Slate', 'roomCount': 7, 'unitCount': 1}",Single Family,R-1-B
143,"{'cooling': True, 'coolingType': 'Commercial', 'exteriorType': 'Stucco', 'floorCount': 1, 'foundationType': 'Block', 'garage': True, 'garageType': 'Garage', 'heating': True, 'heatingType': 'Heat Pump', 'roofType': 'Fiberglass', 'unitCount': 1}",Single Family,R1
144,"{'architectureType': 'Condo / Apartment', 'unitCount': 1}",Condo,CEN HI DENS BORDERS CB
145,"{'exteriorType': 'Brick', 'floorCount': 1, 'foundationType': 'Slab / Mat / Raft', 'garage': True, 'garageType': 'Attached', 'roofType': 'Composition Shingle'}",Single Family,
146,"{'architectureType': 'Split Level', 'cooling': True, 'coolingType': 'Commercial', 'exteriorType': 'OTHER', 'fireplace': True, 'floorCount': 1, 'foundationType': 'Raised', 'garage': True, 'garageSpaces': 1, 'garageType': 'Basement', 'heating': True, 'heatingType': 'Forced Air', 'roomCount': 5, 'unitCount': 1}",Single Family,RL-LAKESIDE RESIDENCE
147,"{'cooling': True, 'coolingType': 'Commercial', 'exteriorType': 'Siding', 'floorCount': 3, 'garage': True, 'garageType': 'Built-in', 'roofType': 'Composition Shingle', 'roomCount': 6, 'heating': True, 'heatingType': 'Forced Air'}",Single Family,PUD AO
148,"{'cooling': True, 'coolingType': 'Commercial', 'exteriorType': 'Wood', 'fireplace': True, 'fireplaceType': 'Gas Log', 'floorCount': 2, 'garage': True, 'garageSpaces': 2, 'garageType': 'Mixed', 'heating': True, 'heatingType': 'Forced Air', 'roofType': 'Composition Shingle', 'unitCount': 1}",Single Family,R200
149,"{'cooling': True, 'coolingType': 'Package', 'exteriorType': 'Aluminum / Vinyl Siding', 'fireplace': True, 'floorCount': 2, 'foundationType': 'Footing', 'garage': True, 'garageType': 'Attached', 'heating': True, 'roofType': 'Composition Shingle', 'unitCount': 1}",Single Family,R-2
150,"{'architectureType': 'Conventional', 'cooling': True, 'coolingType': 'Central', 'exteriorType': 'Wood', 'fireplace': True, 'floorCount': 1, 'garage': True, 'garageType': 'Detached', 'heating': True, 'heatingType': 'Central', 'roomCount': 6, 'unitCount': 1}",Single Family,R3
151,"{'architectureType': 'Ranch', 'exteriorType': 'Brick', 'floorCount': 2, 'roomCount': 2, 'unitCount': 1}",Single Family,
152,"{'cooling': True, 'coolingType': 'Commercial', 'exteriorType': 'Aluminum / Vinyl Siding', 'fireplace': True, 'fireplaceType': 'Single', 'floorCount': 2, 'foundationType': 'Concrete', 'garage': True, 'garageSpaces': 2, 'garageType': 'Attached Garage', 'heating': True, 'heatingType': 'Forced Air', 'unitCount': 1}",Single Family,
153,"{'cooling': True, 'coolingType': 'Commercial', 'exteriorType': 'Stucco', 'floorCount': 1, 'foundationType': 'Slab / Mat / Raft', 'garage': True, 'garageType': 'Garage', 'heating': True, 'heatingType': 'Forced Air', 'roofType': 'Asphalt', 'roomCount': 5, 'unitCount': 1}",Single Family,RS-10
154,"{'garage': True, 'garageType': 'Garage', 'pool': True, 'poolType': 'Pool and Hot Tub / Spa', 'roomCount': 8, 'unitCount': 1}",Single Family,
155,"{'cooling': True, 'coolingType': 'Refrigeration', 'exteriorType': 'Wood', 'floorCount': 1, 'garage': True, 'garageSpaces': 2, 'garageType': 'Carport', 'heating': True, 'heatingType': 'Forced Air', 'roofType': 'Asphalt', 'roomCount': 5, 'unitCount': 1}",Single Family,R-6
156,"{'cooling': True, 'coolingType': 'Central', 'exteriorType': 'Stucco', 'floorCount': 1, 'heating': True, 'heatingType': 'Forced Air', 'roofType': 'Composition Shingle'}",Single Family,R-3
157,"{'cooling': True, 'coolingType': 'Central', 'fireplace': True, 'floorCount': 2, 'garage': True, 'garageSpaces': 1, 'garageType': 'Attached', 'unitCount': 1}",Single Family,
158,"{'architectureType': 'Condo / Apartment', 'cooling': True, 'coolingType': 'Central', 'exteriorType': 'Stucco', 'floorCount': 1, 'garage': True, 'garageSpaces': 1, 'garageType': 'Mixed', 'heating': True, 'heatingType': 'Forced Air', 'roofType': 'Tile', 'roomCount': 4}",Condo,
159,"{'architectureType': 'Colonial', 'cooling': True, 'coolingType': 'Commercial', 'exteriorType': 'Aluminum / Vinyl Siding', 'fireplace': True, 'floorCount': 1, 'garage': True, 'garageType': 'Detached', 'heating': True, 'heatingType': 'Forced Air', 'roofType': 'Composition Shingle'}",Single Family,SINGLE-FAMILY
160,"{'cooling': True, 'coolingType': 'Central', 'floorCount': 2, 'garage': True, 'garageSpaces': 2, 'garageType': 'Garage', 'roomCount': 6}",Single Family,
161,"{'architectureType': 'Raised Ranch', 'cooling': True, 'coolingType': 'Central', 'exteriorType': 'Aluminum / Vinyl Siding', 'floorCount': 1, 'foundationType': 'Footing', 'heating': True, 'heatingType': 'Heat Pump', 'roofType': 'Composition Shingle', 'unitCount': 1}",Single Family,"R-15,RESIDENTIAL DISTRICT"
162,"{'cooling': True, 'coolingType': 'Central', 'exteriorType': 'Aluminum / Vinyl Siding', 'fireplace': True, 'floorCount': 1, 'foundationType': 'OTHER', 'garage': True, 'garageType': 'Attached', 'heating': True, 'heatingType': 'Gas', 'roofType': 'Asphalt', 'roomCount': 7}",Single Family,
163,"{'architectureType': 'Conventional', 'cooling': True, 'coolingType': 'Central', 'exteriorType': 'Brick / Stone', 'fireplace': True, 'fireplaceType': 'Single', 'floorCount': 2, 'foundationType': 'Slab / Mat / Raft', 'garage': True, 'garageSpaces': 2, 'garageType': 'Attached', 'heating': True, 'heatingType': 'Central', 'roofType': 'Composition Shingle', 'unitCount': 1}",Single Family,
164,"{'architectureType': 'Ranch', 'cooling': True, 'coolingType': 'Commercial', 'exteriorType': 'Brick', 'floorCount': 1, 'foundationType': 'Slab / Mat / Raft', 'heating': True, 'heatingType': 'Hot Water', 'roomCount': 3}",Condo,RM
165,"{'architectureType': 'Ranch', 'cooling': True, 'coolingType': 'Central', 'exteriorType': 'Aluminum / Vinyl Siding', 'fireplace': True, 'floorCount': 1, 'garage': True, 'garageSpaces': 1, 'garageType': 'Attached', 'heating': True, 'heatingType': 'Forced Air', 'roofType': 'Composition Shingle', 'roomCount': 6, 'unitCount': 1}",Single Family,
166,"{'architectureType': 'Traditional', 'cooling': True, 'coolingType': 'Central', 'exteriorType': 'Wood', 'fireplace': True, 'fireplaceType': 'Masonry', 'floorCount': 2, 'foundationType': 'Concrete', 'garage': True, 'garageSpaces': 1, 'garageType': 'Attached', 'heating': True, 'heatingType': 'Central', 'unitCount': 1}",Single Family,R100
167,"{'architectureType': 'Conventional', 'exteriorType': 'OTHER', 'floorCount': 2, 'heating': True, 'heatingType': 'Hot Water', 'roofType': 'Asphalt', 'roomCount': 5}",Single Family,R3
168,"{'floorCount': 1, 'foundationType': 'Slab / Mat / Raft', 'heating': True, 'heatingType': 'Floor / Wall', 'roofType': 'Composition Shingle', 'unitCount': 1}",Single Family,
169,"{'cooling': True, 'coolingType': 'Central', 'fireplace': True, 'floorCount': 1, 'garage': True, 'garageSpaces': 3, 'garageType': 'Attached Garage', 'heating': True, 'heatingType': 'Central', 'pool': True, 'roofType': 'Asphalt', 'roomCount': 9}",Single Family,
170,"{'cooling': True, 'coolingType': 'Central', 'fireplace': True, 'fireplaceType': 'Single', 'floorCount': 2, 'garage': True, 'garageSpaces': 3, 'garageType': 'Attached', 'heating': True, 'heatingType': 'Central', 'unitCount': 1}",Single Family,
171,"{'architectureType': 'Ranch', 'cooling': True, 'coolingType': 'Commercial', 'exteriorType': 'OTHER', 'fireplace': True, 'floorCount': 1, 'garage': True, 'garageSpaces': 2, 'garageType': 'Mixed', 'heating': True, 'heatingType': 'Forced Air', 'roofType': 'Asphalt', 'unitCount': 1}",Single Family,
172,"{'cooling': True, 'coolingType': 'Commercial', 'exteriorType': 'Stucco', 'floorCount': 1, 'foundationType': 'OTHER', 'garage': True, 'garageType': 'Garage', 'heating': True, 'roofType': 'Composition Shingle', 'roomCount': 4, 'unitCount': 1}",Single Family,
173,"{'cooling': True, 'coolingType': 'Central', 'exteriorType': 'Concrete Block', 'floorCount': 1, 'foundationType': 'Slab / Mat / Raft', 'garage': True, 'garageSpaces': 1, 'garageType': 'Attached', 'heating': True, 'heatingType': 'Central', 'roomCount': 5}",Single Family,
174,"{'architectureType': 'Conventional', 'cooling': True, 'coolingType': 'Commercial', 'exteriorType': 'OTHER', 'fireplace': True, 'floorCount': 1, 'garage': True, 'garageSpaces': 2, 'garageType': 'Attached', 'heating': True, 'heatingType': 'Forced Air', 'roofType': 'Composition Shingle', 'roomCount': 6, 'unitCount': 1}",Single Family,R100M-SINGLE FAM RES
175,"{'architectureType': 'Traditional', 'cooling': True, 'coolingType': 'Central', 'exteriorType': 'Brick Veneer', 'fireplace': True, 'floorCount': 1, 'foundationType': 'Slab / Mat / Raft', 'garage': True, 'garageSpaces': 2, 'garageType': 'Attached', 'heating': True, 'heatingType': 'Central', 'roofType': 'Composition Shingle', 'roomCount': 6, 'unitCount': 1}",Single Family,
176,"{'architectureType': 'Conventional', 'floorCount': 1, 'garage': True, 'garageSpaces': 1, 'garageType': 'Garage', 'heating': True, 'heatingType': 'Central', 'pool': True, 'roomCount': 7, 'unitCount': 1}",Single Family,LARS
177,"{'exteriorType': 'Wood', 'floorCount': 1, 'garage': True, 'garageSpaces': 1, 'garageType': 'Garage', 'unitCount': 1}",Single Family,R-1
178,"{'architectureType': 'Historical', 'cooling': True, 'coolingType': 'Central', 'exteriorType': 'Wood', 'fireplace': True, 'floorCount': 1, 'foundationType': 'OTHER', 'heating': True, 'heatingType': 'Central', 'roofType': 'Asphalt', 'roomCount': 11, 'unitCount': 2}",Single Family,1
179,"{'architectureType': 'Ranch', 'exteriorType': 'Wood', 'fireplace': True, 'floorCount': 1, 'garage': True, 'garageSpaces': 2, 'garageType': 'Garage', 'heating': True, 'heatingType': 'Baseboard', 'unitCount': 1}",Single Family,R75
180,"{'architectureType': 'Condo / Apartment', 'cooling': True, 'coolingType': 'Commercial', 'exteriorType': 'Brick', 'floorCount': 1, 'heating': True, 'heatingType': 'Forced Air', 'roofType': 'Built-up (Layered Asphalt)', 'roomCount': 3, 'unitCount': 1}",Condo,BUSB
181,"{'architectureType': 'Conventional', 'cooling': True, 'coolingType': 'Central', 'exteriorType': 'Concrete', 'floorCount': 1, 'foundationType': 'Raised', 'heating': True, 'heatingType': 'Hot Water', 'roofType': 'Composition Shingle', 'roomCount': 7, 'unitCount': 1, 'garage': True, 'garageType': 'Detached'}",Single Family,R7
182,"{'cooling': True, 'coolingType': 'Central', 'exteriorType': 'Stucco', 'floorCount': 1, 'foundationType': 'Slab / Mat / Raft', 'garage': True, 'garageSpaces': 1, 'garageType': 'Carport', 'pool': True, 'roofType': 'Tile', 'unitCount': 1}",Single Family,RS-8
183,"{'cooling': True, 'coolingType': 'Central', 'exteriorType': 'Brick Veneer', 'fireplace': True, 'floorCount': 2, 'foundationType': 'Slab / Mat / Raft', 'garage': True, 'garageSpaces': 2, 'garageType': 'Garage', 'heating': True, 'heatingType': 'Central', 'pool': True, 'poolType': 'Pool, Concrete', 'roofType': 'Other', 'unitCount': 1}",Single Family,
184,"{'cooling': True, 'coolingType': 'Commercial', 'exteriorType': 'Stucco', 'floorCount': 1, 'foundationType': 'Slab / Mat / Raft', 'roofType': 'Composition Shingle', 'unitCount': 1}",Single Family,RS-3
185,"{'cooling': True, 'coolingType': 'Central', 'exteriorType': 'Brick Veneer', 'fireplace': True, 'floorCount': 1, 'foundationType': 'Slab / Mat / Raft', 'garage': True, 'garageSpaces': 2, 'garageType': 'Garage', 'heating': True, 'heatingType': 'Central'}",Single Family,
186,"{'cooling': True, 'heating': True}",Manufactured,
187,"{'cooling': True, 'coolingType': 'Central', 'exteriorType': 'Brick Veneer', 'fireplace': True, 'fireplaceType': 'Single', 'floorCount': 2, 'foundationType': 'Slab / Mat / Raft', 'garage': True, 'garageType': 'Mixed', 'heating': True, 'heatingType': 'Central', 'roofType': 'Composition Shingle'}",Single Family,
188,"{'cooling': True, 'coolingType': 'Central', 'exteriorType': 'Brick', 'fireplace': True, 'floorCount': 1, 'foundationType': 'Masonry', 'garage': True, 'garageType': 'Garage', 'heating': True, 'heatingType': 'Forced Air', 'pool': True, 'roofType': 'Asphalt', 'unitCount': 1}",Single Family,R1
189,"{'architectureType': 'Ranch', 'cooling': True, 'coolingType': 'Central', 'exteriorType': 'Aluminum / Vinyl Siding', 'fireplace': True, 'floorCount': 1, 'garage': True, 'garageSpaces': 2, 'garageType': 'Detached', 'heating': True, 'heatingType': 'Gas', 'roomCount': 5, 'unitCount': 1}",Single Family,
190,"{'architectureType': 'Ranch', 'exteriorType': 'Aluminum / Vinyl Siding', 'floorCount': 1, 'garage': True, 'garageType': 'Garage', 'heating': True, 'heatingType': 'Hot Water', 'roofType': 'Asphalt', 'roomCount': 5}",Single Family,R-V
191,"{'fireplace': True, 'floorCount': 1, 'foundationType': 'Slab / Mat / Raft', 'garage': True, 'garageSpaces': 1, 'garageType': 'Attached', 'roofType': 'Composition Shingle', 'roomCount': 5, 'unitCount': 1}",Single Family,RD5
192,"{'architectureType': 'Traditional', 'cooling': True, 'coolingType': 'Central', 'exteriorType': 'Brick Veneer', 'fireplace': True, 'floorCount': 1, 'foundationType': 'Slab / Mat / Raft', 'garage': True, 'garageType': 'Mixed', 'heating': True, 'heatingType': 'Central', 'roomCount': 8, 'unitCount': 1}",Single Family,
193,"{'architectureType': 'Duplex', 'cooling': True, 'coolingType': 'Central', 'exteriorType': 'Brick Veneer', 'fireplace': True, 'floorCount': 1, 'foundationType': 'Slab / Mat / Raft', 'garage': True, 'garageSpaces': 4, 'garageType': 'Carport', 'heating': True, 'heatingType': 'Central', 'roofType': 'Composition Shingle', 'unitCount': 1}",Duplex-Triplex,Z69
194,"{'fireplace': True, 'fireplaceType': 'Masonry', 'floorCount': 1, 'garage': True, 'garageSpaces': 1, 'garageType': 'Attached', 'heating': True, 'heatingType': 'Central', 'roofType': 'Asphalt', 'unitCount': 1}",Single Family,
195,"{'architectureType': 'Row End or Row Middle', 'cooling': True, 'coolingType': 'Central', 'exteriorType': 'Stucco', 'floorCount': 2, 'garage': True, 'garageType': 'Built-in', 'heating': True, 'heatingType': 'Central', 'roofType': 'Asphalt', 'roomCount': 8}",Single Family,8205
196,"{'cooling': True, 'coolingType': 'Central', 'fireplace': True, 'floorCount': 1, 'foundationType': 'Raised', 'garage': True, 'garageType': 'Attached', 'heating': True, 'heatingType': 'Central', 'roofType': 'Asphalt', 'roomCount': 7, 'unitCount': 1}",Single Family,
197,"{'cooling': True, 'coolingType': 'Central', 'exteriorType': 'Wood Frame', 'floorCount': 1, 'foundationType': 'Slab', 'garage': True, 'heating': True, 'heatingType': 'Central', 'roofType': 'Composition Shingle', 'unitCount': 1, 'garageType': 'Garage'}",Single Family,
198,"{'architectureType': 'Colonial', 'cooling': True, 'coolingType': 'Central', 'exteriorType': 'Aluminum / Vinyl Siding', 'fireplace': True, 'floorCount': 2, 'garage': True, 'garageSpaces': 2, 'garageType': 'Attached', 'heating': True, 'heatingType': 'Central', 'unitCount': 1}",Single Family,RES B
199,"{'fireplace': True, 'roomCount': 6}",Single Family,BUXTON
200,"{'exteriorType': 'Metal', 'unitCount': 1}",Single Family,R6A
201,"{'floorCount': 2, 'architectureType': 'Townhouse'}",Single Family,
202,"{'cooling': True, 'coolingType': 'Central', 'exteriorType': 'Brick Veneer', 'fireplace': True, 'fireplaceType': 'Masonry', 'floorCount': 1, 'foundationType': 'Slab / Mat / Raft', 'garage': True, 'garageSpaces': 2, 'garageType': 'Attached', 'heating': True, 'heatingType': 'Central', 'unitCount': 1}",Single Family,
203,"{'floorCount': 2, 'roomCount': 7, 'unitCount': 1}",Single Family,RH2
204,"{'cooling': True, 'coolingType': 'Central', 'exteriorType': 'Brick', 'fireplace': True, 'floorCount': 2, 'foundationType': 'Slab / Mat / Raft', 'garage': True, 'garageType': 'Attached', 'heating': True, 'heatingType': 'Central', 'roomCount': 11, 'unitCount': 1}",Single Family,SFR
205,"{'architectureType': 'Ranch', 'cooling': True, 'coolingType': 'Commercial', 'exteriorType': 'Aluminum / Vinyl Siding', 'floorCount': 1, 'garage': True, 'garageType': 'Carport', 'heating': True, 'heatingType': 'Forced Air', 'roofType': 'Asphalt', 'roomCount': 7}",Single Family,RES
206,"{'exteriorType': 'Wood', 'floorCount': 2, 'garage': True, 'garageSpaces': 1, 'garageType': 'Detached', 'unitCount': 1}",Single Family,R50
207,"{'cooling': True, 'coolingType': 'Central', 'floorCount': 2, 'foundationType': 'Slab / Mat / Raft', 'garage': True, 'garageType': 'Attached', 'heating': True, 'heatingType': 'Forced Air', 'roofType': 'Asphalt'}",Single Family,
208,"{'cooling': True, 'coolingType': 'Package', 'exteriorType': 'Concrete Block', 'floorCount': 2, 'foundationType': 'Footing', 'heating': True, 'roofType': 'Tile', 'unitCount': 1}",Single Family,OPUD
209,"{'cooling': True, 'coolingType': 'Refrigeration', 'exteriorType': 'Concrete Block', 'floorCount': 1, 'garage': True, 'heating': True, 'heatingType': 'Forced Air', 'roofType': 'Asphalt', 'roomCount': 5, 'unitCount': 1, 'garageSpaces': 2, 'garageType': 'Garage'}",Single Family,R-8
210,{},Apartment,
211,"{'cooling': True, 'coolingType': 'Central', 'fireplace': True, 'floorCount': 2, 'garage': True, 'garageSpaces': 2, 'garageType': 'Attached', 'heating': True, 'heatingType': 'Central', 'pool': True, 'roofType': 'Tile'}",Single Family,R2
212,"{'architectureType': 'Old Style', 'cooling': True, 'coolingType': 'Commercial', 'exteriorType': 'Wood', 'floorCount': 2, 'foundationType': 'Stone', 'garage': True, 'garageType': 'Detached', 'heating': True, 'heatingType': 'Forced Air', 'roofType': 'Composition Shingle', 'roomCount': 5, 'unitCount': 1, 'viewType': 'Average'}",Single Family,R-3
213,"{'architectureType': 'Other', 'cooling': True, 'coolingType': 'Package', 'exteriorType': 'Composition', 'fireplace': True, 'floorCount': 2, 'garage': True, 'garageSpaces': 2, 'garageType': 'Attached', 'heating': True, 'heatingType': 'Floor / Wall', 'roofType': 'Asphalt', 'roomCount': 11, 'unitCount': 1}",Single Family,
214,"{'architectureType': 'Ranch', 'cooling': True, 'coolingType': 'Central', 'exteriorType': 'Brick', 'fireplace': True, 'floorCount': 1, 'foundationType': 'Slab / Mat / Raft', 'garage': True, 'garageType': 'Garage', 'heating': True, 'heatingType': 'Forced Air', 'roofType': 'Asphalt', 'roomCount': 10, 'unitCount': 1}",Single Family,RS9
215,"{'architectureType': 'Modern', 'cooling': True, 'coolingType': 'Central', 'exteriorType': 'Shingle', 'floorCount': 2, 'foundationType': 'OTHER', 'garage': True, 'garageType': 'Attached', 'heating': True, 'heatingType': 'Forced Air', 'roofType': 'Wood Shingle'}",Single Family,
216,"{'exteriorType': 'Ribbed Aluminum', 'floorCount': 1, 'foundationType': 'Raised', 'garage': True, 'garageSpaces': 1, 'garageType': 'Detached', 'heating': True, 'heatingType': 'Forced Air', 'roofType': 'Asphalt', 'unitCount': 1}",Single Family,R-1-P
217,"{'floorCount': 2, 'garage': True, 'garageSpaces': 1, 'garageType': 'Attached Garage', 'heating': True, 'heatingType': 'Forced Air', 'roofType': 'Steel', 'roomCount': 2}",Single Family,
218,"{'architectureType': 'Conventional', 'cooling': True, 'coolingType': 'Commercial', 'floorCount': 1, 'garage': True, 'garageSpaces': 1, 'garageType': 'Garage', 'heating': True, 'heatingType': 'Central', 'roomCount': 5, 'unitCount': 1}",Single Family,LCR1YY
219,"{'cooling': True, 'coolingType': 'Commercial', 'exteriorType': 'Aluminum / Vinyl Siding', 'fireplace': True, 'floorCount': 1, 'foundationType': 'Slab / Mat / Raft', 'garage': True, 'garageType': 'Garage', 'heating': True, 'heatingType': 'Forced Air', 'roofType': 'Composition Shingle', 'unitCount': 1}",Single Family,
220,"{'cooling': True, 'coolingType': 'Package', 'exteriorType': 'Concrete Block', 'floorCount': 1, 'foundationType': 'Footing', 'garage': True, 'garageSpaces': 2, 'garageType': 'Garage', 'heating': True, 'heatingType': 'Package', 'pool': True, 'roofType': 'Composition Shingle', 'unitCount': 1, 'poolType': 'In-Ground Pool'}",Single Family,OPUD
221,"{'floorCount': 1, 'garage': True, 'garageType': 'Carport', 'unitCount': 1}",Single Family,
222,"{'cooling': True, 'coolingType': 'Central', 'exteriorType': 'Brick / Stone', 'fireplace': True, 'fireplaceType': 'Single', 'floorCount': 1, 'foundationType': 'OTHER', 'garage': True, 'garageType': 'Attached', 'heating': True, 'heatingType': 'Central', 'roofType': 'Asphalt', 'unitCount': 1}",Single Family,
223,"{'cooling': True, 'coolingType': 'Central', 'exteriorType': 'Brick Veneer', 'fireplace': True, 'floorCount': 1, 'garage': True, 'garageType': 'Attached', 'heating': True, 'heatingType': 'Central', 'roofType': 'Composition Shingle', 'unitCount': 1}",Single Family,P3
224,{'architectureType': 'Colonial Revival'},Single Family,
225,"{'architectureType': 'Traditional', 'cooling': True, 'coolingType': 'Central', 'exteriorType': 'Brick', 'fireplace': True, 'floorCount': 2, 'foundationType': 'Slab / Mat / Raft', 'garage': True, 'garageType': 'Attached', 'heating': True, 'heatingType': 'Central', 'roomCount': 10, 'unitCount': 1}",Single Family,
226,"{'cooling': True, 'exteriorType': 'Aluminum / Vinyl Siding', 'floorCount': 1, 'garage': True, 'garageSpaces': 1, 'garageType': 'Attached', 'heating': True, 'heatingType': 'Forced Air', 'pool': True, 'roofType': 'Composition Shingle', 'roomCount': 5, 'coolingType': 'Commercial'}",Single Family,MU MIXED USE
227,"{'architectureType': 'Ranch', 'cooling': True, 'coolingType': 'Central', 'exteriorType': 'Aluminum / Vinyl Siding', 'fireplace': True, 'floorCount': 1, 'heating': True, 'heatingType': 'Central', 'roofType': 'Asphalt', 'roomCount': 8, 'unitCount': 1}",Single Family,1106
228,"{'architectureType': 'Cape Cod', 'cooling': True, 'coolingType': 'Commercial', 'exteriorType': 'OTHER', 'fireplace': True, 'floorCount': 2, 'heating': True, 'heatingType': 'Hot Water', 'roofType': 'Asphalt', 'roomCount': 6, 'unitCount': 1}",Single Family,R-3
229,"{'architectureType': 'Traditional', 'cooling': True, 'coolingType': 'Central', 'exteriorType': 'Brick Veneer', 'fireplace': True, 'floorCount': 2, 'foundationType': 'Slab / Mat / Raft', 'garage': True, 'garageSpaces': 1, 'garageType': 'Detached', 'heating': True, 'heatingType': 'Central', 'roomCount': 7, 'unitCount': 1}",Single Family,
230,"{'cooling': True, 'coolingType': 'Central', 'exteriorType': 'Aluminum / Vinyl Siding', 'fireplace': True, 'floorCount': 2, 'foundationType': 'Slab / Mat / Raft', 'heating': True, 'heatingType': 'Forced Air', 'roofType': 'Asphalt', 'unitCount': 1}",Townhouse,R3WC
231,"{'cooling': True, 'coolingType': 'Refrigeration', 'exteriorType': 'Stucco', 'floorCount': 1, 'garage': True, 'garageSpaces': 2, 'garageType': 'Garage', 'heating': True, 'heatingType': 'Forced Air', 'roofType': 'Other', 'roomCount': 5, 'unitCount': 1}",Single Family,R1-6
232,"{'cooling': True, 'coolingType': 'Commercial', 'exteriorType': 'Stucco', 'floorCount': 1, 'foundationType': 'Slab / Mat / Raft', 'garage': True, 'garageType': 'Attached', 'heating': True, 'roofType': 'Asphalt', 'roomCount': 6, 'unitCount': 1}",Single Family,RSF2
233,"{'architectureType': 'Colonial', 'cooling': True, 'coolingType': 'Central', 'exteriorType': 'Composition', 'fireplace': True, 'floorCount': 2, 'garage': True, 'garageSpaces': 2, 'garageType': 'Attached', 'heating': True, 'heatingType': 'Central', 'unitCount': 1}",Single Family,RES B
234,"{'architectureType': 'Bungalow', 'cooling': True, 'coolingType': 'Central', 'exteriorType': 'Aluminum / Vinyl Siding', 'fireplace': True, 'floorCount': 1, 'garage': True, 'garageType': 'Carport', 'heating': True, 'heatingType': 'Central', 'roomCount': 4, 'unitCount': 1}",Single Family,
235,"{'exteriorType': 'Stucco', 'floorCount': 2, 'foundationType': 'Slab / Mat / Raft', 'garage': True, 'garageType': 'Garage', 'roofType': 'Tile'}",Townhouse,LAC
236,"{'architectureType': 'Ranch', 'cooling': True, 'coolingType': 'Central', 'exteriorType': 'Brick / Stone', 'floorCount': 1, 'garage': True, 'garageSpaces': 2, 'garageType': 'Attached', 'heating': True, 'heatingType': 'Gas', 'roomCount': 5, 'unitCount': 1}",Single Family,
237,"{'architectureType': 'Conventional', 'exteriorType': 'OTHER', 'fireplace': True, 'floorCount': 2, 'heating': True, 'heatingType': 'Hot Water', 'roofType': 'Asphalt', 'roomCount': 9, 'unitCount': 2}",Duplex-Triplex,RESA
238,"{'cooling': True, 'coolingType': 'Central', 'exteriorType': 'Stucco', 'fireplace': True, 'floorCount': 2, 'garage': True, 'garageSpaces': 2, 'garageType': 'Attached', 'heating': True, 'heatingType': 'Hot Water', 'roomCount': 7, 'unitCount': 1}",Single Family,
239,"{'cooling': True, 'coolingType': 'Central', 'exteriorType': 'OTHER', 'floorCount': 2, 'garage': True, 'garageType': 'Attached', 'heating': True, 'heatingType': 'Forced Air', 'roofType': 'Composition Shingle'}",Single Family,RPD
240,"{'cooling': True, 'coolingType': 'Central', 'exteriorType': 'Brick', 'floorCount': 1, 'garage': True, 'garageSpaces': 1, 'garageType': 'Basement', 'heating': True, 'heatingType': 'Forced Air', 'unitCount': 1, 'viewType': 'Average'}",Single Family,RSA3
241,"{'cooling': True, 'coolingType': 'Central', 'exteriorType': 'Concrete Block', 'floorCount': 1, 'foundationType': 'Footing', 'heating': True, 'heatingType': 'Central', 'roofType': 'Composition Shingle', 'unitCount': 1}",Single Family,
242,"{'cooling': True, 'coolingType': 'Central', 'exteriorType': 'Wood', 'floorCount': 1, 'garage': True, 'garageSpaces': 2, 'garageType': 'Detached Garage', 'heating': True, 'heatingType': 'Central', 'roomCount': 5, 'unitCount': 1}",Single Family,
243,"{'exteriorType': 'Wood', 'floorCount': 1, 'garage': True, 'garageType': 'Carport', 'heating': True, 'heatingType': 'Central', 'roomCount': 4, 'unitCount': 1}",Single Family,S-SU-F1
244,"{'exteriorType': 'Concrete Block', 'floorCount': 1, 'roofType': 'Other', 'unitCount': 1}",Single Family,2800:TOWNHOUSE
245,"{'floorCount': 1, 'unitCount': 1, 'cooling': True, 'coolingType': 'Central', 'garage': True, 'garageType': 'Garage', 'heating': True, 'heatingType': 'Gas', 'roofType': 'Asphalt', 'roomCount': 5}",Single Family,R-6
246,"{'architectureType': 'Conventional', 'exteriorType': 'Wood', 'floorCount': 2, 'heating': True, 'heatingType': 'Hot Water', 'unitCount': 1}",Single Family,
247,"{'cooling': True, 'coolingType': 'Commercial', 'exteriorType': 'Brick', 'floorCount': 1, 'foundationType': 'Slab / Mat / Raft', 'garage': True, 'garageSpaces': 3, 'garageType': 'Carport', 'heating': True, 'heatingType': 'Forced Air', 'roofType': 'Asphalt', 'unitCount': 1}",Single Family,
248,"{'cooling': True, 'coolingType': 'Central', 'exteriorType': 'Wood', 'fireplace': True, 'floorCount': 2, 'foundationType': 'Raised', 'garage': True, 'garageType': 'Attached', 'roomCount': 6}",Single Family,R10
249,"{'cooling': True, 'coolingType': 'Commercial', 'exteriorType': 'Stucco', 'floorCount': 1, 'garage': True, 'garageType': 'Garage', 'heating': True, 'heatingType': 'Forced Air', 'roofType': 'Tile', 'unitCount': 1, 'viewType': 'Water'}",Single Family,RS
250,"{'architectureType': 'European', 'garage': True, 'garageType': 'Garage'}",Manufactured,
251,"{'cooling': True, 'coolingType': 'Refrigeration', 'exteriorType': 'Stucco', 'floorCount': 1, 'garage': True, 'garageType': 'Garage', 'heating': True, 'heatingType': 'Floor / Wall', 'roofType': 'Asphalt', 'roomCount': 4, 'unitCount': 1}",Single Family,R-6
252,"{'architectureType': 'Contemporary', 'cooling': True, 'coolingType': 'Central', 'exteriorType': 'Combination', 'fireplace': True, 'floorCount': 1, 'foundationType': 'Slab / Mat / Raft', 'heating': True, 'heatingType': 'Forced Air', 'roofType': 'Asphalt', 'roomCount': 3, 'unitCount': 1}",Condo,
253,"{'architectureType': 'Conventional', 'floorCount': 1, 'garage': True, 'garageSpaces': 1, 'garageType': 'Garage', 'heating': True, 'heatingType': 'Central', 'roomCount': 7, 'unitCount': 1}",Single Family,LAR1
254,"{'architectureType': 'Raised Ranch', 'exteriorType': 'OTHER', 'floorCount': 1, 'heating': True, 'heatingType': 'Hot Water', 'roofType': 'Asphalt', 'roomCount': 6}",Single Family,12
255,"{'floorCount': 1, 'garage': True, 'garageSpaces': 2, 'garageType': 'Detached'}",Single Family,
256,"{'architectureType': 'Other', 'exteriorType': 'Metal', 'floorCount': 1, 'foundationType': 'OTHER', 'heating': True, 'heatingType': 'Forced Air', 'roofType': 'Composition Shingle', 'unitCount': 1}",Single Family,R5
257,"{'cooling': True, 'coolingType': 'Central', 'exteriorType': 'Aluminum / Vinyl Siding', 'fireplace': True, 'floorCount': 2, 'garage': True, 'garageType': 'Attached', 'heating': True, 'heatingType': 'Forced Air', 'roofType': 'Composition Shingle', 'roomCount': 4, 'unitCount': 1}",Single Family,
258,"{'cooling': True, 'coolingType': 'Central', 'fireplace': True, 'floorCount': 1, 'garage': True, 'garageType': 'Attached', 'heating': True, 'heatingType': 'Central', 'roofType': 'Asphalt', 'roomCount': 6}",Single Family,
259,"{'architectureType': 'Bungalow', 'cooling': True, 'coolingType': 'Commercial', 'exteriorType': 'Brick / Stone', 'fireplace': True, 'floorCount': 1, 'garage': True, 'garageSpaces': 1, 'garageType': 'Detached', 'roofType': 'Shingle', 'unitCount': 1}",Single Family,
260,"{'cooling': True, 'coolingType': 'Central', 'exteriorType': 'Concrete Block', 'floorCount': 1, 'heating': True, 'heatingType': 'Central', 'roofType': 'Composition Shingle', 'unitCount': 1}",Single Family,RSC-9
261,"{'exteriorType': 'Brick', 'floorCount': 2, 'heating': True, 'heatingType': 'Central', 'roomCount': 7, 'unitCount': 1, 'cooling': True, 'coolingType': 'Central'}",Single Family,
262,"{'architectureType': 'Ranch', 'exteriorType': 'Aluminum / Vinyl Siding', 'floorCount': 1, 'roomCount': 5}",Single Family,
263,"{'cooling': True, 'coolingType': 'Commercial', 'exteriorType': 'Aluminum / Vinyl Siding', 'fireplace': True, 'floorCount': 2, 'garage': True, 'garageSpaces': 2, 'garageType': 'Garage', 'heating': True, 'heatingType': 'Forced Air', 'roomCount': 9, 'unitCount': 1}",Single Family,SUBURBAN RES (4/ACRE)
264,"{'cooling': True, 'coolingType': 'Commercial', 'exteriorType': 'Combination', 'fireplace': True, 'fireplaceType': 'Prefab', 'foundationType': 'Retaining Wall', 'heating': True, 'heatingType': 'Forced Air', 'roofType': 'Asphalt'}",Single Family,
265,"{'cooling': True, 'coolingType': 'Central', 'exteriorType': 'Aluminum / Vinyl Siding', 'fireplace': True, 'floorCount': 1, 'foundationType': 'Slab', 'heating': True, 'unitCount': 1, 'heatingType': 'Steam'}",Single Family,
266,"{'exteriorType': 'Siding', 'fireplace': True, 'fireplaceType': 'Single', 'floorCount': 1, 'foundationType': 'Slab / Mat / Raft', 'garage': True, 'garageType': 'Carport', 'heating': True, 'heatingType': 'Heat Pump', 'roofType': 'Composition Shingle', 'unitCount': 1}",Single Family,PUDC
267,"{'architectureType': 'Ranch', 'cooling': True, 'coolingType': 'Central', 'exteriorType': 'Aluminum / Vinyl Siding', 'floorCount': 1, 'garage': True, 'garageSpaces': 2, 'garageType': 'Attached', 'heating': True, 'heatingType': 'Forced Air', 'roofType': 'Asphalt', 'roomCount': 6, 'unitCount': 1}",Single Family,
268,"{'floorCount': 1, 'garage': True, 'garageSpaces': 2, 'garageType': 'Garage', 'roomCount': 5, 'unitCount': 1}",Single Family,R6
269,"{'floorCount': 1, 'foundationType': 'Raised', 'garage': True, 'garageSpaces': 1, 'garageType': 'Carport', 'heating': True, 'heatingType': 'Central', 'roofType': 'Asphalt', 'roomCount': 3}",Single Family,
270,"{'architectureType': 'Split Level', 'cooling': True, 'coolingType': 'Central', 'exteriorType': 'Brick / Stone', 'fireplace': True, 'floorCount': 2, 'garage': True, 'garageSpaces': 3, 'garageType': 'Attached', 'roofType': 'Shingle', 'unitCount': 1}",Single Family,
271,"{'architectureType': 'Ranch', 'cooling': True, 'coolingType': 'Central', 'exteriorType': 'Brick Veneer', 'fireplace': True, 'floorCount': 1, 'garage': True, 'garageType': 'Attached', 'heating': True, 'heatingType': 'Forced Air', 'roofType': 'Composition Shingle', 'unitCount': 1}",Single Family,
272,"{'architectureType': 'Ranch', 'exteriorType': 'Wood', 'floorCount': 1, 'garage': True, 'garageSpaces': 2, 'garageType': 'Attached', 'heating': True, 'heatingType': 'Hot Water', 'unitCount': 1}",Single Family,
273,"{'cooling': True, 'coolingType': 'Commercial', 'exteriorType': 'Brick', 'fireplace': True, 'floorCount': 1, 'foundationType': 'Footing', 'heating': True, 'heatingType': 'Package', 'roofType': 'Composition Shingle', 'unitCount': 1}",Single Family,R-1
274,"{'cooling': True, 'coolingType': 'Commercial', 'exteriorType': 'Brick / Stone', 'floorCount': 1, 'garage': True, 'garageSpaces': 1, 'garageType': 'Detached', 'roofType': 'Shingle', 'unitCount': 1}",Single Family,
275,"{'architectureType': 'Ranch', 'cooling': True, 'coolingType': 'Central', 'exteriorType': 'Siding', 'floorCount': 1, 'foundationType': 'Raised', 'heating': True, 'heatingType': 'Central', 'roofType': 'Roll Composition', 'roomCount': 4, 'unitCount': 1}",Single Family,
276,"{'architectureType': 'Condo / Apartment', 'cooling': True, 'coolingType': 'Package', 'floorCount': 2, 'garage': True, 'garageType': 'Garage', 'heating': True, 'heatingType': 'Floor / Wall', 'roofType': 'Composition Shingle', 'roomCount': 7, 'unitCount': 1}",Condo,
277,"{'architectureType': 'Ranch', 'cooling': True, 'coolingType': 'Central', 'exteriorType': 'Aluminum / Vinyl Siding', 'fireplace': True, 'floorCount': 1, 'garage': True, 'garageType': 'Garage', 'heating': True, 'heatingType': 'Central', 'roofType': 'Tile'}",Single Family,
278,"{'architectureType': 'Other', 'exteriorType': 'Aluminum / Vinyl Siding', 'floorCount': 2, 'garage': True, 'garageSpaces': 3, 'garageType': 'Garage', 'heating': True, 'heatingType': 'Forced Air', 'roofType': 'Asphalt', 'roomCount': 14, 'unitCount': 3}",Duplex-Triplex,R3
279,"{'architectureType': 'Raised Ranch', 'cooling': True, 'coolingType': 'Commercial', 'exteriorType': 'OTHER', 'floorCount': 1, 'heating': True, 'heatingType': 'Forced Air', 'roofType': 'Asphalt', 'roomCount': 6, 'unitCount': 1}",Single Family,R9
280,"{'architectureType': 'Townhouse', 'cooling': True, 'coolingType': 'Commercial', 'exteriorType': 'Brick', 'fireplace': True, 'floorCount': 1, 'foundationType': 'Raised', 'garage': True, 'garageType': 'Attached', 'heating': True, 'heatingType': 'Central', 'roofType': 'Composition Shingle', 'roomCount': 6, 'unitCount': 1}",Single Family,
281,"{'cooling': True, 'coolingType': 'Central', 'exteriorType': 'Concrete Block', 'floorCount': 2, 'heating': True, 'heatingType': 'Forced Air', 'roofType': 'Composition Shingle', 'unitCount': 1}",Single Family,PUD
282,"{'architectureType': 'Split Level', 'cooling': True, 'coolingType': 'Central', 'exteriorType': 'Brick / Stone', 'fireplace': True, 'floorCount': 2, 'foundationType': 'OTHER', 'garage': True, 'garageType': 'Garage', 'heating': True, 'heatingType': 'Forced Air', 'roofType': 'Shingle', 'unitCount': 1}",Single Family,CU-PDM
283,"{'cooling': True, 'coolingType': 'Central', 'fireplace': True, 'floorCount': 1, 'garage': True, 'garageSpaces': 2, 'garageType': 'Garage', 'heating': True, 'heatingType': 'Central', 'unitCount': 1}",Single Family,
284,"{'exteriorType': 'Concrete Block', 'floorCount': 1, 'roofType': 'Other', 'unitCount': 1}",Single Family,"0400:SGL FAM,901-1200 SQ"
285,"{'cooling': True, 'coolingType': 'Commercial', 'heating': True, 'heatingType': 'Central', 'unitCount': 1}",Single Family,LCA210-A22
286,"{'cooling': True, 'exteriorType': 'Wood', 'floorCount': 1, 'garage': True, 'garageSpaces': 2, 'garageType': 'Attached', 'heating': True, 'heatingType': 'Baseboard', 'roofType': 'Metal', 'coolingType': 'Commercial'}",Single Family,
287,"{'cooling': True, 'coolingType': 'Central', 'exteriorType': 'Other', 'floorCount': 1, 'foundationType': 'Pier / Post & Beam', 'heating': True, 'heatingType': 'Central', 'unitCount': 1}",Single Family,
288,"{'exteriorType': 'Stone Veneer', 'floorCount': 1, 'garage': True, 'garageSpaces': 1, 'garageType': 'Carport', 'heating': True, 'heatingType': 'Forced Air', 'roofType': 'Asphalt', 'roomCount': 5, 'unitCount': 1, 'cooling': True, 'coolingType': 'Commercial', 'foundationType': 'Slab / Mat / Raft'}",Single Family,C-1
289,"{'floorCount': 2, 'roomCount': 11, 'unitCount': 4}",Duplex-Triplex,
290,"{'architectureType': 'Contemporary', 'cooling': True, 'coolingType': 'Central', 'exteriorType': 'Asbestos Shingle', 'floorCount': 1, 'foundationType': 'Slab / Mat / Raft', 'garage': True, 'garageSpaces': 2, 'garageType': 'Attached', 'heating': True, 'heatingType': 'Forced Air', 'roofType': 'Asphalt', 'roomCount': 6, 'unitCount': 1}",Single Family,
291,"{'cooling': True, 'coolingType': 'Commercial', 'exteriorType': 'Aluminum / Vinyl Siding', 'fireplace': True, 'floorCount': 2, 'foundationType': 'Slab / Mat / Raft', 'garage': True, 'garageType': 'Garage', 'heating': True, 'heatingType': 'Forced Air', 'roofType': 'Composition Shingle'}",Single Family,RR
292,"{'architectureType': 'Conventional', 'cooling': True, 'coolingType': 'Commercial', 'exteriorType': 'Aluminum / Vinyl Siding', 'fireplace': True, 'floorCount': 1, 'foundationType': 'Concrete', 'heating': True, 'heatingType': 'Heat Pump', 'roofType': 'Shingle', 'roomCount': 6, 'unitCount': 1}",Single Family,R2
293,"{'cooling': True, 'coolingType': 'Refrigeration', 'fireplace': True, 'floorCount': 1, 'garage': True, 'garageSpaces': 2, 'garageType': 'Attached Garage', 'heating': True, 'heatingType': 'Forced Air'}",Single Family,
294,"{'cooling': True, 'coolingType': 'Refrigeration', 'exteriorType': 'Stucco', 'floorCount': 1, 'garage': True, 'garageSpaces': 2, 'garageType': 'Garage', 'heating': True, 'heatingType': 'Forced Air', 'roofType': 'Other', 'roomCount': 9, 'unitCount': 1}",Single Family,R-10
295,"{'floorCount': 2, 'garage': True, 'garageType': 'Garage', 'pool': True, 'roomCount': 4, 'unitCount': 36}",Condo,
296,"{'architectureType': 'Colonial', 'cooling': True, 'coolingType': 'Central', 'exteriorType': 'Wood', 'fireplace': True, 'fireplaceType': 'Prefab', 'floorCount': 2, 'foundationType': 'Footing', 'heating': True, 'heatingType': 'Heat Pump', 'roofType': 'Composition Shingle', 'unitCount': 1, 'viewType': 'Water'}",Single Family,"PD,PLANNED DEVELPMNT"
297,"{'exteriorType': 'Wood', 'floorCount': 1}",Single Family,
298,"{'architectureType': 'Ranch', 'cooling': True, 'coolingType': 'Commercial', 'exteriorType': 'Brick Veneer', 'floorCount': 1, 'foundationType': 'Footing', 'heating': True, 'heatingType': 'Forced Air', 'roofType': 'Shingle', 'roomCount': 5, 'unitCount': 1}",Single Family,R1
299,"{'fireplace': True, 'floorCount': 3, 'garage': True, 'garageType': 'Detached', 'heating': True, 'heatingType': 'Forced Air', 'roofType': 'Wood Shingle', 'roomCount': 8}",Single Family,
300,"{'exteriorType': 'Aluminum / Vinyl Siding', 'fireplace': True, 'floorCount': 2, 'foundationType': 'OTHER', 'garage': True, 'garageSpaces': 2, 'garageType': 'Attached', 'heating': True, 'heatingType': 'Forced Air', 'roofType': 'Wood Shingle', 'roomCount': 8, 'unitCount': 1}",Single Family,
301,"{'cooling': True, 'coolingType': 'Package', 'exteriorType': 'Stucco', 'floorCount': 2, 'foundationType': 'Footing', 'garage': True, 'garageSpaces': 2, 'garageType': 'Garage', 'heating': True, 'heatingType': 'Package', 'roofType': 'Clay Tile', 'unitCount': 1}",Single Family,PD
302,{},Townhouse,
303,"{'cooling': True, 'coolingType': 'Commercial', 'exteriorType': 'Wood', 'fireplace': True, 'fireplaceType': '2 Story', 'floorCount': 2, 'garage': True, 'garageSpaces': 2, 'garageType': 'Attached', 'heating': True, 'heatingType': 'Forced Air', 'roomCount': 8, 'unitCount': 1}",Single Family,AF0
304,"{'architectureType': 'Conventional', 'cooling': True, 'coolingType': 'Commercial', 'exteriorType': 'Brick / Stone', 'floorCount': 2, 'garage': True, 'garageSpaces': 1, 'garageType': 'Detached', 'heating': True, 'heatingType': 'Gas', 'roomCount': 5, 'unitCount': 1}",Condo,
305,"{'architectureType': 'Duplex', 'exteriorType': 'Brick', 'floorCount': 2, 'garage': True, 'garageType': 'Attached', 'heating': True, 'heatingType': 'Forced Air', 'roomCount': 10, 'unitCount': 2}",Duplex-Triplex,RT2
306,"{'architectureType': 'Condo / Apartment', 'exteriorType': 'Concrete', 'foundationType': 'OTHER', 'garage': True, 'garageType': 'Attached', 'heating': True, 'heatingType': 'Heat Pump', 'roofType': 'Gravel'}",Single Family,
307,"{'cooling': True, 'coolingType': 'Commercial', 'heating': True, 'heatingType': 'Central', 'unitCount': 1}",Single Family,LRRA6500*
308,"{'architectureType': 'Single Story', 'cooling': True, 'coolingType': 'Central', 'exteriorType': 'Stucco', 'fireplace': True, 'floorCount': 1, 'garage': True, 'garageSpaces': 1, 'garageType': 'Attached', 'heating': True, 'heatingType': 'Forced Air', 'roofType': 'Tile', 'roomCount': 6, 'unitCount': 1}",Single Family,
309,"{'architectureType': 'Split Level', 'cooling': True, 'coolingType': 'Commercial', 'exteriorType': 'Wood', 'fireplace': True, 'floorCount': 2, 'garage': True, 'garageSpaces': 1, 'garageType': 'Built-in', 'heating': True, 'roofType': 'Composition Shingle', 'unitCount': 1}",Single Family,NT
310,"{'architectureType': 'Log Cabin / Rustic', 'exteriorType': 'Wood', 'fireplace': True, 'floorCount': 1, 'foundationType': 'Block', 'roofType': 'Wood Shingle', 'roomCount': 4}",Single Family,R 20
311,"{'exteriorType': 'Wood', 'fireplace': True, 'floorCount': 1, 'foundationType': 'Wood', 'garage': True, 'garageType': 'Detached', 'heating': True, 'heatingType': 'Floor / Wall', 'roofType': 'Wood Shingle'}",Single Family,RA1
312,"{'floorCount': 3, 'unitCount': 1}",Single Family,R3X
313,"{'floorCount': 1, 'exteriorType': 'Vinyl'}",Single Family,BERKELEY COUNTY - R5
314,"{'cooling': True, 'coolingType': 'Window', 'exteriorType': 'Brick Veneer', 'floorCount': 1, 'garage': True, 'garageType': 'Attached', 'heating': True, 'heatingType': 'Floor / Wall', 'roomCount': 5, 'unitCount': 1}",Single Family,
315,"{'architectureType': 'Ranch / Rambler', 'exteriorType': 'Aluminum / Vinyl Siding', 'floorCount': 1, 'foundationType': 'Slab', 'heating': True, 'heatingType': 'Forced Air', 'pool': True, 'poolType': 'In-Ground Vinyl Pool', 'unitCount': 1}",Single Family,R-15
316,"{'architectureType': 'Bungalow', 'cooling': True, 'coolingType': 'Commercial', 'exteriorType': 'Aluminum / Vinyl Siding', 'floorCount': 1, 'garage': True, 'garageType': 'Detached', 'heating': True, 'heatingType': 'Forced Air', 'roomCount': 7, 'unitCount': 1}",Single Family,LB2
317,"{'cooling': True, 'coolingType': 'Central', 'fireplace': True, 'floorCount': 1, 'foundationType': 'Raised', 'garage': True, 'garageSpaces': 2, 'garageType': 'Attached', 'heating': True, 'heatingType': 'Central', 'roofType': 'Asphalt', 'unitCount': 1}",Single Family,ZO01
318,"{'cooling': True, 'coolingType': 'Central', 'exteriorType': 'Brick Veneer', 'floorCount': 1, 'foundationType': 'Concrete', 'garage': True, 'garageSpaces': 2, 'garageType': 'Attached Garage', 'heating': True, 'heatingType': 'Forced Air', 'roofType': 'Composition Shingle', 'unitCount': 1}",Single Family,
319,"{'cooling': True, 'coolingType': 'Refrigeration', 'exteriorType': 'Block', 'floorCount': 1, 'garage': True, 'garageSpaces': 2, 'garageType': 'Carport', 'heating': True, 'heatingType': 'Forced Air', 'roofType': 'Asphalt', 'roomCount': 5, 'unitCount': 1}",Single Family,R-8
320,"{'architectureType': 'Ranch', 'exteriorType': 'Wood Shingle', 'floorCount': 1, 'heating': True, 'heatingType': 'Central', 'roofType': 'Asphalt', 'unitCount': 1}",Single Family,UR
321,"{'cooling': True, 'coolingType': 'Central', 'fireplace': True, 'floorCount': 2, 'garage': True, 'garageType': 'Attached', 'heating': True, 'heatingType': 'Central', 'roofType': 'Tile', 'unitCount': 1}",Single Family,RA
322,"{'architectureType': 'Townhouse', 'cooling': True, 'coolingType': 'Commercial', 'exteriorType': 'Aluminum / Vinyl Siding', 'floorCount': 2, 'garage': True, 'garageSpaces': 1, 'garageType': 'Basement', 'heating': True, 'heatingType': 'Forced Air', 'roofType': 'Composition Shingle', 'roomCount': 7, 'unitCount': 1}",Single Family,SUBURBAN RES (6/ACRE)
323,"{'cooling': True, 'coolingType': 'Central', 'exteriorType': 'Concrete Block', 'floorCount': 1, 'foundationType': 'Masonry', 'heating': True, 'heatingType': 'Central', 'roofType': 'Asphalt', 'roomCount': 5, 'unitCount': 1}",Single Family,R3
324,"{'fireplace': True, 'floorCount': 1, 'garage': True, 'garageSpaces': 1, 'garageType': 'Mixed', 'heating': True, 'heatingType': 'Forced Air', 'unitCount': 1, 'viewType': 'Mountain'}",Single Family,SF 5000
325,"{'cooling': True, 'coolingType': 'Central', 'exteriorType': 'Brick', 'fireplace': True, 'fireplaceType': 'Prefab', 'floorCount': 2, 'foundationType': 'Slab / Mat / Raft', 'garage': True, 'garageType': 'Garage', 'heating': True, 'heatingType': 'Central', 'roofType': 'Asphalt', 'roomCount': 7, 'unitCount': 1}",Single Family,R1
326,{},Land,R4-1
327,"{'floorCount': 1, 'garage': True, 'garageType': 'Mixed', 'unitCount': 1}",Single Family,ED6
328,"{'architectureType': '2+ Story', 'cooling': True, 'coolingType': 'Central', 'exteriorType': 'Stucco', 'fireplace': True, 'floorCount': 2, 'garage': True, 'garageSpaces': 1, 'garageType': 'Built-in', 'heating': True, 'heatingType': 'Forced Air', 'roofType': 'Tile', 'roomCount': 7, 'unitCount': 1}",Single Family,
329,"{'architectureType': 'Conventional', 'cooling': True, 'coolingType': 'Central', 'exteriorType': 'Aluminum / Vinyl Siding', 'fireplace': True, 'floorCount': 2, 'foundationType': 'Masonry', 'garage': True, 'garageSpaces': 2, 'garageType': 'Garage', 'heating': True, 'heatingType': 'Forced Air', 'roofType': 'Asphalt', 'roomCount': 6}",Single Family,RS9
330,"{'architectureType': 'Cape Cod', 'cooling': True, 'coolingType': 'Commercial', 'exteriorType': 'OTHER', 'fireplace': True, 'floorCount': 2, 'heating': True, 'heatingType': 'Forced Air', 'roofType': 'Asphalt', 'roomCount': 6}",Condo,
331,"{'cooling': True, 'coolingType': 'Central', 'exteriorType': 'Brick', 'fireplace': True, 'floorCount': 1, 'garage': True, 'garageType': 'Garage', 'heating': True, 'heatingType': 'Forced Air', 'roofType': 'Wood', 'unitCount': 1}",Single Family,
332,"{'architectureType': 'Condo / Apartment', 'cooling': True, 'coolingType': 'Central', 'fireplace': True, 'heating': True, 'heatingType': 'Central', 'unitCount': 1}",Condo,
333,"{'cooling': True, 'coolingType': 'Central', 'exteriorType': 'Aluminum / Vinyl Siding', 'fireplace': True, 'floorCount': 2, 'garage': True, 'garageSpaces': 2, 'garageType': 'Attached Garage', 'heating': True, 'heatingType': 'Central', 'roofType': 'Asphalt', 'roomCount': 9, 'unitCount': 1}",Single Family,ZO01
334,"{'cooling': True, 'coolingType': 'Central', 'exteriorType': 'Wood', 'fireplace': True, 'fireplaceType': 'Prefab', 'floorCount': 2, 'garage': True, 'garageSpaces': 2, 'garageType': 'Garage', 'heating': True, 'heatingType': 'Forced Air', 'roofType': 'Composition Shingle', 'unitCount': 1}",Single Family,RLD-60
335,"{'exteriorType': 'Siding', 'floorCount': 2, 'unitCount': 1}",Single Family,
336,"{'architectureType': 'Conventional', 'cooling': True, 'coolingType': 'Central', 'exteriorType': 'Combination', 'floorCount': 2, 'heating': True, 'roomCount': 8, 'garage': True, 'garageType': 'Garage'}",Single Family,
337,"{'architectureType': 'Other', 'cooling': True, 'coolingType': 'Commercial', 'exteriorType': 'Stucco', 'fireplace': True, 'floorCount': 1, 'foundationType': 'Footing', 'garage': True, 'garageType': 'Attached', 'heating': True, 'heatingType': 'Heat Pump', 'roofType': 'Fiberglass', 'unitCount': 1}",Single Family,CLR COASTAL LAKES & RVRS
338,"{'cooling': True, 'coolingType': 'Central', 'exteriorType': 'Aluminum / Vinyl Siding', 'floorCount': 1, 'heating': True, 'heatingType': 'Forced Air', 'roofType': 'Composition Shingle', 'unitCount': 1}",Single Family,RLD-60
339,"{'cooling': True, 'coolingType': 'Central', 'exteriorType': 'Brick Veneer', 'floorCount': 1, 'foundationType': 'Slab / Mat / Raft', 'garage': True, 'garageType': 'Attached', 'heating': True, 'heatingType': 'Central', 'roofType': 'Composition Shingle'}",Single Family,
340,"{'cooling': True, 'coolingType': 'Commercial', 'floorCount': 2, 'garage': True, 'garageType': 'Garage', 'heating': True, 'heatingType': 'Forced Air'}",Single Family,R1B
341,"{'architectureType': 'Bungalow', 'exteriorType': 'Aluminum / Vinyl Siding', 'floorCount': 1, 'garage': True, 'garageType': 'Detached', 'heating': True, 'heatingType': 'Hot Water', 'roofType': 'Asphalt', 'roomCount': 7, 'unitCount': 1}",Single Family,A7
342,"{'cooling': True, 'exteriorType': 'Stucco', 'floorCount': 1, 'foundationType': 'Slab / Mat / Raft', 'garage': True, 'garageSpaces': 1, 'garageType': 'Carport', 'heating': True, 'heatingType': 'Forced Air', 'roofType': 'Asphalt', 'roomCount': 5, 'unitCount': 1, 'coolingType': 'Commercial'}",Single Family,
343,"{'fireplace': True, 'floorCount': 2, 'garage': True, 'garageSpaces': 2, 'garageType': 'Garage', 'roomCount': 8, 'unitCount': 1}",Single Family,R2
344,"{'cooling': True, 'coolingType': 'Commercial', 'exteriorType': 'Aluminum / Vinyl Siding', 'floorCount': 2, 'foundationType': 'Concrete', 'garage': True, 'garageSpaces': 1, 'garageType': 'Attached Garage', 'heating': True, 'heatingType': 'Forced Air'}",Single Family,
345,"{'cooling': True, 'coolingType': 'Central', 'exteriorType': 'Other', 'floorCount': 1, 'garage': True, 'garageSpaces': 1, 'garageType': 'Carport', 'heating': True, 'heatingType': 'Forced Air', 'roofType': 'Composition Shingle', 'unitCount': 1, 'viewType': 'Water'}",Single Family,00R3
346,"{'cooling': True, 'coolingType': 'Central', 'exteriorType': 'Stucco', 'floorCount': 2, 'foundationType': 'Slab / Mat / Raft', 'roofType': 'Composition Shingle', 'unitCount': 1}",Single Family,RM-16
347,"{'floorCount': 1, 'garage': True, 'garageSpaces': 1, 'garageType': 'Garage', 'heating': True, 'heatingType': 'Central', 'roomCount': 6, 'unitCount': 1}",Single Family,R6
348,"{'cooling': True, 'coolingType': 'Central', 'exteriorType': 'Brick Veneer', 'fireplace': True, 'floorCount': 2, 'foundationType': 'Slab / Mat / Raft', 'garage': True, 'garageSpaces': 2, 'garageType': 'Attached', 'heating': True, 'heatingType': 'Central', 'roomCount': 9}",Single Family,
349,"{'cooling': True, 'coolingType': 'Central', 'exteriorType': 'Aluminum / Vinyl Siding', 'fireplace': True, 'fireplaceType': 'Single', 'floorCount': 1, 'foundationType': 'Slab / Mat / Raft', 'heating': True, 'heatingType': 'Heat Pump', 'roofType': 'Asphalt', 'roomCount': 5, 'unitCount': 1}",Single Family,R-3
350,"{'architectureType': 'Condo / Apartment', 'floorCount': 1, 'foundationType': 'Slab / Mat / Raft', 'roofType': 'Composition Shingle', 'unitCount': 1}",Condo,
351,"{'architectureType': 'Other', 'cooling': True, 'coolingType': 'Central', 'exteriorType': 'Aluminum / Vinyl Siding', 'fireplace': True, 'floorCount': 1, 'foundationType': 'Masonry', 'heating': True, 'heatingType': 'Heat Pump', 'roofType': 'Asphalt', 'roomCount': 5, 'unitCount': 1}",Condo,RM12-S
352,"{'cooling': True, 'fireplace': True, 'floorCount': 2, 'garage': True, 'garageSpaces': 2, 'garageType': 'Attached', 'roomCount': 8, 'unitCount': 1, 'coolingType': 'Commercial'}",Single Family,
353,"{'cooling': True, 'coolingType': 'Commercial', 'exteriorType': 'Brick', 'fireplace': True, 'floorCount': 2, 'foundationType': 'Wood', 'heating': True, 'heatingType': 'Forced Air', 'roofType': 'Shingle', 'roomCount': 8}",Single Family,R1
